home_team,away_team,date,home_goals,away_goals,result
SpVgg Ansbach,1. FC Nurnberg II,2025-07-19,1.0,4.0,AWAY
1. FC Schweinfurt 05,TSV Aubstadt,2025-07-19,2.0,0.0,HOME
TSV Schwaben Augsburg,Viktoria Aschaffenburg,2025-07-19,2.0,1.0,HOME
Eintracht Bamberg,SpVgg Hankofen-Hailing,2025-07-20,2.0,0.0,HOME
FV Illertissen,DJK Vilzing,2025-07-20,5.0,0.0,HOME
SpVgg Bayreuth,TSV Buchbach,2025-07-20,2.0,0.0,HOME
SpVgg Greuther Furth II,Augsburg II,2025-07-20,2.0,6.0,AWAY
Turkgucu Munchen,Wurzburger Kickers,2025-07-20,2.0,2.0,DRAW
FCV Dender EH,Oud-Heverlee Leuven,2025-07-25,0.0,1.0,AWAY
Union Saint-Gilloise,Sint-Truidense VV,2025-07-25,2.0,0.0,HOME
SV Zulte Waregem,KAA Gent,2025-07-25,4.0,1.0,HOME
RAAL La Louviere,Cercle Brugge,2025-07-25,2.0,1.0,HOME
Standard Liège,KRC Genk,2025-07-25,2.0,1.0,HOME
KV Mechelen,Cercle Brugge,2025-07-25,0.0,0.0,DRAW
Sint-Truidense VV,KVC Westerlo,2025-07-25,0.0,3.0,AWAY
1. FC Nurnberg II,SpVgg Bayreuth,2025-07-25,1.0,3.0,AWAY
KRC Genk,Sporting Charleroi,2025-07-25,0.0,1.0,AWAY
FCV Dender EH,RAAL La Louviere,2025-07-25,0.0,0.0,DRAW
KVC Westerlo,Oud-Heverlee Leuven,2025-07-25,2.0,0.0,HOME
Sint-Truidense VV,KAA Gent,2025-07-25,3.0,1.0,HOME
KRC Genk,RAAL La Louviere,2025-07-25,1.0,1.0,DRAW
Sporting Charleroi,Sint-Truidense VV,2025-07-25,1.0,1.0,DRAW
Royal Antwerp,Oud-Heverlee Leuven,2025-07-25,3.0,1.0,HOME
Sint-Truidense VV,Royal Antwerp,2025-07-25,1.0,0.0,HOME
Sint-Truidense VV,RSC Anderlecht,2025-07-25,2.0,2.0,DRAW
Club Brugge KV,Union Saint-Gilloise,2025-07-25,1.0,0.0,HOME
Sporting Charleroi,KV Mechelen,2025-07-25,0.0,2.0,AWAY
Club Brugge KV,Sint-Truidense VV,2025-07-25,2.0,0.0,HOME
RSC Anderlecht,KRC Genk,2025-07-25,1.0,1.0,DRAW
Union Saint-Gilloise,RSC Anderlecht,2025-07-25,2.0,0.0,HOME
RAAL La Louviere,Union Saint-Gilloise,2025-07-25,0.0,0.0,DRAW
Cercle Brugge,KVC Westerlo,2025-07-25,4.0,1.0,HOME
RSC Anderlecht,KAA Gent,2025-07-25,1.0,0.0,HOME
RAAL La Louviere,Standard Liège,2025-07-25,0.0,2.0,AWAY
Royal Antwerp,Union Saint-Gilloise,2025-07-25,1.0,1.0,DRAW
RAAL La Louviere,Club Brugge KV,2025-07-25,1.0,0.0,HOME
Standard Liège,Sporting Charleroi,2025-07-25,3.0,1.0,HOME
KAA Gent,Standard Liège,2025-07-25,4.0,0.0,HOME
RSC Anderlecht,KV Mechelen,2025-07-25,3.0,1.0,HOME
Sporting Charleroi,RSC Anderlecht,2025-07-25,1.0,0.0,HOME
Union Saint-Gilloise,Sporting Charleroi,2025-07-25,3.0,1.0,HOME
Royal Antwerp,Cercle Brugge,2025-07-25,1.0,1.0,DRAW
KAA Gent,Sporting Charleroi,2025-07-25,2.0,1.0,HOME
Union Saint-Gilloise,KVC Westerlo,2025-07-25,2.0,0.0,HOME
Oud-Heverlee Leuven,RSC Anderlecht,2025-07-25,1.0,1.0,DRAW
RSC Anderlecht,Royal Antwerp,2025-07-25,0.0,0.0,DRAW
KAA Gent,FCV Dender EH,2025-07-25,3.0,0.0,HOME
KAA Gent,RAAL La Louviere,2025-07-25,1.0,0.0,HOME
Sporting Charleroi,FCV Dender EH,2025-07-25,3.0,1.0,HOME
Cercle Brugge,Sint-Truidense VV,2025-07-25,1.0,1.0,DRAW
SV Zulte Waregem,Sint-Truidense VV,2025-07-25,0.0,2.0,AWAY
Union Saint-Gilloise,Standard Liège,2025-07-25,3.0,0.0,HOME
Oud-Heverlee Leuven,KRC Genk,2025-07-25,1.0,2.0,AWAY
KAA Gent,Union Saint-Gilloise,2025-07-25,2.0,3.0,AWAY
Sint-Truidense VV,FCV Dender EH,2025-07-25,2.0,0.0,HOME
KV Mechelen,Club Brugge KV,2025-07-25,2.0,1.0,HOME
Club Brugge KV,KVC Westerlo,2025-07-25,5.0,5.0,DRAW
Sporting Charleroi,Royal Antwerp,2025-07-25,1.0,1.0,DRAW
KRC Genk,SV Zulte Waregem,2025-07-25,3.0,2.0,HOME
Sint-Truidense VV,RAAL La Louviere,2025-07-25,2.0,1.0,HOME
Standard Liège,KV Mechelen,2025-07-25,1.0,1.0,DRAW
KVC Westerlo,Standard Liège,2025-07-25,0.0,2.0,AWAY
KV Mechelen,RAAL La Louviere,2025-07-25,3.0,2.0,HOME
SV Zulte Waregem,Club Brugge KV,2025-07-25,0.0,1.0,AWAY
RSC Anderlecht,SV Zulte Waregem,2025-07-25,2.0,3.0,AWAY
Club Brugge KV,Cercle Brugge,2025-07-25,2.0,0.0,HOME
Cercle Brugge,RSC Anderlecht,2025-07-25,0.0,2.0,AWAY
KVC Westerlo,SV Zulte Waregem,2025-07-25,3.0,1.0,HOME
Oud-Heverlee Leuven,Standard Liège,2025-07-25,1.0,0.0,HOME
Cercle Brugge,Sporting Charleroi,2025-07-25,2.0,3.0,AWAY
Standard Liège,Royal Antwerp,2025-07-25,1.0,0.0,HOME
KVC Westerlo,KRC Genk,2025-07-25,0.0,1.0,AWAY
Royal Antwerp,Club Brugge KV,2025-07-25,0.0,1.0,AWAY
FCV Dender EH,Cercle Brugge,2025-07-25,0.0,0.0,DRAW
RSC Anderlecht,Standard Liège,2025-07-25,1.0,0.0,HOME
FCV Dender EH,RSC Anderlecht,2025-07-25,0.0,2.0,AWAY
Sint-Truidense VV,KRC Genk,2025-07-25,1.0,2.0,AWAY
RSC Anderlecht,KVC Westerlo,2025-07-25,5.0,2.0,HOME
KRC Genk,Royal Antwerp,2025-07-25,1.0,1.0,DRAW
RAAL La Louviere,Sporting Charleroi,2025-07-25,1.0,0.0,HOME
SV Zulte Waregem,Oud-Heverlee Leuven,2025-07-25,2.0,0.0,HOME
Royal Antwerp,KV Mechelen,2025-07-25,2.0,1.0,HOME
KAA Gent,Club Brugge KV,2025-07-25,1.0,1.0,DRAW
Royal Antwerp,KAA Gent,2025-07-25,1.0,2.0,AWAY
KRC Genk,Union Saint-Gilloise,2025-07-25,1.0,2.0,AWAY
Cercle Brugge,KRC Genk,2025-07-25,2.0,2.0,DRAW
Union Saint-Gilloise,Oud-Heverlee Leuven,2025-07-25,5.0,0.0,HOME
Oud-Heverlee Leuven,Sporting Charleroi,2025-07-25,2.0,2.0,DRAW
Club Brugge KV,FCV Dender EH,2025-07-25,2.0,1.0,HOME
KV Mechelen,Oud-Heverlee Leuven,2025-07-25,1.0,1.0,DRAW
Oud-Heverlee Leuven,Club Brugge KV,2025-07-25,0.0,1.0,AWAY
Standard Liège,Club Brugge KV,2025-07-25,1.0,2.0,AWAY
Cercle Brugge,KAA Gent,2025-07-25,2.0,4.0,AWAY
FCV Dender EH,Union Saint-Gilloise,2025-07-25,0.0,1.0,AWAY
KVC Westerlo,Royal Antwerp,2025-07-25,2.0,0.0,HOME
Standard Liège,Cercle Brugge,2025-07-25,0.0,3.0,AWAY
KV Mechelen,KAA Gent,2025-07-25,1.0,1.0,DRAW
KVC Westerlo,KV Mechelen,2025-07-25,0.0,1.0,AWAY
Standard Liège,FCV Dender EH,2025-07-25,1.0,1.0,DRAW
RAAL La Louviere,SV Zulte Waregem,2025-07-25,0.0,0.0,DRAW
Oud-Heverlee Leuven,KAA Gent,2025-07-25,4.0,0.0,HOME
Sporting Charleroi,SV Zulte Waregem,2025-07-25,1.0,2.0,AWAY
Cercle Brugge,SV Zulte Waregem,2025-07-25,1.0,1.0,DRAW
KVC Westerlo,FCV Dender EH,2025-07-25,1.0,1.0,DRAW
FCV Dender EH,KV Mechelen,2025-07-25,1.0,3.0,AWAY
RAAL La Louviere,KVC Westerlo,2025-07-25,0.0,0.0,DRAW
KRC Genk,FCV Dender EH,2025-07-25,2.0,1.0,HOME
KV Mechelen,Sint-Truidense VV,2025-07-25,1.0,3.0,AWAY
Club Brugge KV,KRC Genk,2025-07-25,2.0,1.0,HOME
SV Zulte Waregem,Royal Antwerp,2025-07-25,2.0,0.0,HOME
Oud-Heverlee Leuven,RAAL La Louviere,2025-07-25,1.0,2.0,AWAY
SV Zulte Waregem,KV Mechelen,2025-07-25,1.0,1.0,DRAW
SV Zulte Waregem,Union Saint-Gilloise,2025-07-25,1.0,4.0,AWAY
FSV 63 Luckenwalde,ZFC Meuselwitz,2025-07-26,2.0,2.0,DRAW
Bayern Munchen II,SpVgg Ansbach,2025-07-26,2.0,2.0,DRAW
BFC Dynamo,Carl Zeiss Jena,2025-07-26,2.0,3.0,AWAY
Wurzburger Kickers,TSV Schwaben Augsburg,2025-07-26,3.0,1.0,HOME
TSV Buchbach,Eintracht Bamberg,2025-07-26,2.0,1.0,HOME
Augsburg II,FV Illertissen,2025-07-26,0.0,0.0,DRAW
TSV Aubstadt,SpVgg Greuther Furth II,2025-07-26,1.0,3.0,AWAY
SpVgg Hankofen-Hailing,1. FC Schweinfurt 05,2025-07-26,1.0,3.0,AWAY
Viktoria Aschaffenburg,Wacker Burghausen,2025-07-26,0.0,4.0,AWAY
Fortuna Dusseldorf II,1. FC Bocholt,2025-07-27,1.0,0.0,HOME
FSV Frankfurt,TSV Steinbach Haiger,2025-07-27,1.0,1.0,DRAW
SC Paderborn 07 II,1. FC Duren,2025-07-27,1.0,1.0,DRAW
Fortuna Koln,SV Rodinghausen,2025-07-27,2.0,0.0,HOME
SC Wiedenbruck,Schalke 04 II,2025-07-27,0.0,2.0,AWAY
SSV Jeddeloh II,St. Pauli II,2025-07-27,1.0,0.0,HOME
SGV Freiberg,Goppinger SV,2025-07-27,2.0,2.0,DRAW
Eintracht Hohkeppel,1. FC Koln II,2025-07-27,1.0,2.0,AWAY
Hoffenheim II,FC-Astoria Walldorf,2025-07-27,2.0,2.0,DRAW
SC Freiburg II,Kickers Offenbach,2025-07-27,2.0,2.0,DRAW
SG Barockstadt Fulda-Lehnerz,Villingen,2025-07-27,1.0,1.0,DRAW
Rot-Weiß Erfurt,Eilenburg,2025-07-27,2.0,0.0,HOME
SV Meppen,Weiche Flensburg 08,2025-07-27,1.0,1.0,DRAW
Stuttgarter Kickers,Eintracht Frankfurt II,2025-07-27,2.0,1.0,HOME
DJK Vilzing,Turkgucu Munchen,2025-07-27,3.0,1.0,HOME
BSG Chemie Leipzig,SV Babelsberg 03,2025-07-27,1.0,1.0,DRAW
Hertha Zehlendorf,FSV Zwickau,2025-07-27,5.0,0.0,HOME
Bahlinger SC,Gießen,2025-07-27,0.0,1.0,AWAY
Rot-Weiß Oberhausen,Bor. Monchengladbach II,2025-07-27,2.0,4.0,AWAY
1. FSV Mainz 05 II,Hessen Kassel,2025-07-28,3.0,0.0,HOME
SV Drochtersen/Assel,Holstein Kiel II,2025-07-28,1.0,1.0,DRAW
TSV Havelse,Werder Bremen II,2025-07-28,4.0,3.0,HOME
Greifswalder,Hertha BSC II,2025-07-28,0.0,1.0,AWAY
Bremer SV,Hamburger SV II,2025-07-28,3.0,0.0,HOME
Teutonia 05,Blau-Weiß Lohne,2025-07-28,1.0,1.0,DRAW
VFC Plauen,Viktoria 1889 Berlin,2025-07-28,2.0,3.0,AWAY
Eintracht Norderstedt,VfB Oldenburg,2025-07-28,2.0,0.0,HOME
VSG Altglienicke,1. FC Lok Leipzig,2025-07-28,0.0,1.0,AWAY
VfL Osnabruck,Alemannia Aachen,2025-08-02,0.0,0.0,DRAW
Arminia Bielefeld,Fortuna Dusseldorf,2025-08-02,5.0,1.0,HOME
MSV Duisburg,VfB Stuttgart II,2025-08-02,2.0,1.0,HOME
Hoffenheim II,TSV Havelse,2025-08-02,0.0,0.0,DRAW
Energie Cottbus,1. FC Saarbrucken,2025-08-02,3.0,3.0,DRAW
SV Darmstadt 98,VfL Bochum,2025-08-02,4.0,1.0,HOME
Karlsruher SC,Preußen Munster,2025-08-02,3.0,2.0,HOME
SC Paderborn 07,Holstein Kiel,2025-08-02,2.0,1.0,HOME
SV 07 Elversberg,1. FC Nurnberg,2025-08-02,1.0,0.0,HOME
Waldhof Mannheim,SC Verl,2025-08-02,2.0,2.0,DRAW
Ingolstadt 04,Jahn Regensburg,2025-08-02,1.0,1.0,DRAW
Hannover 96,1. FC Kaiserslautern,2025-08-03,1.0,0.0,HOME
Erzgebirge Aue,Hansa Rostock,2025-08-03,0.0,0.0,DRAW
1. FC Magdeburg,Eintracht Braunschweig,2025-08-03,0.0,1.0,AWAY
SpVgg Greuther Furth,Dynamo Dresden,2025-08-03,3.0,2.0,HOME
SV Wehen Wiesbaden,SSV Ulm 1846,2025-08-03,3.0,1.0,HOME
Viktoria Koln,1. FC Schweinfurt 05,2025-08-03,2.0,0.0,HOME
1. FC Schweinfurt 05,Energie Cottbus,2025-08-08,0.0,2.0,AWAY
Preußen Munster,SC Paderborn 07,2025-08-08,1.0,1.0,DRAW
1. FC Nurnberg,SV Darmstadt 98,2025-08-08,0.0,1.0,AWAY
Stoke City,Derby County,2025-08-09,3.0,1.0,HOME
West Bromwich Albion,Blackburn Rovers,2025-08-09,1.0,0.0,HOME
SC Verl,SV Wehen Wiesbaden,2025-08-09,2.0,2.0,DRAW
Queens Park Rangers,Preston North End,2025-08-09,1.0,1.0,DRAW
Sheffield United,Bristol City,2025-08-09,1.0,4.0,AWAY
1. FC Kaiserslautern,Schalke,2025-08-09,1.0,0.0,HOME
Samsun,Genclerbirligi,2025-08-09,2.0,1.0,HOME
Arouca,AVS,2025-08-09,3.0,1.0,HOME
Antalya,Kasimpasa,2025-08-09,2.0,1.0,HOME
Oxford United,Portsmouth,2025-08-09,0.0,1.0,AWAY
Norwich City,Millwall,2025-08-09,1.0,2.0,AWAY
CD Nacional,Gil Vicente,2025-08-09,0.0,2.0,AWAY
Dynamo Dresden,1. FC Magdeburg,2025-08-09,1.0,2.0,AWAY
1. FC Saarbrucken,Viktoria Koln,2025-08-09,2.0,1.0,HOME
Southampton,Wrexham AFC,2025-08-09,2.0,1.0,HOME
Alemannia Aachen,Hoffenheim II,2025-08-09,2.0,4.0,AWAY
TSV 1860 Munchen,VfL Osnabruck,2025-08-09,3.0,1.0,HOME
SSV Ulm 1846,Erzgebirge Aue,2025-08-09,1.0,0.0,HOME
TSV Havelse,Rot-Weiss Essen,2025-08-09,1.0,1.0,DRAW
Middlesbrough,Swansea City AFC,2025-08-09,1.0,0.0,HOME
Charlton Athletic,Watford,2025-08-09,1.0,0.0,HOME
Eintracht Braunschweig,SpVgg Greuther Furth,2025-08-09,3.0,2.0,HOME
Fortuna Dusseldorf,Hannover 96,2025-08-09,0.0,2.0,AWAY
Coventry City,Hull City AFC,2025-08-09,0.0,0.0,DRAW
VfB Stuttgart II,Ingolstadt 04,2025-08-10,2.0,1.0,HOME
Rize,Goztepe,2025-08-10,0.0,3.0,AWAY
Moreirense,Alverca,2025-08-10,2.0,1.0,HOME
Eyup,Konya,2025-08-10,1.0,4.0,AWAY
Sporting Clube de Braga,CD Tondela,2025-08-10,3.0,0.0,HOME
Famalicão,CD Santa Clara,2025-08-10,3.0,0.0,HOME
Leicester,Sheffield Wednesday,2025-08-10,2.0,1.0,HOME
Hertha BSC,Karlsruher SC,2025-08-10,0.0,0.0,DRAW
VfL Bochum,SV 07 Elversberg,2025-08-10,2.0,0.0,HOME
Holstein Kiel,Arminia Bielefeld,2025-08-10,0.0,2.0,AWAY
Hansa Rostock,Waldhof Mannheim,2025-08-10,1.0,0.0,HOME
Jahn Regensburg,MSV Duisburg,2025-08-10,0.0,4.0,AWAY
Porto,Vitoria Guimarães,2025-08-11,3.0,0.0,HOME
Trabzon,Kocaelispor,2025-08-11,1.0,0.0,HOME
Amiens SC,Stade de Reims,2025-08-11,2.0,2.0,DRAW
GD Estoril Praia,CF Estrela da Amadora,2025-08-11,1.0,1.0,DRAW
AVS,Casa Pia,2025-08-15,0.0,2.0,AWAY
Nancy Lorraine,US Boulogne,2025-08-15,1.0,0.0,HOME
Clermont Foot 63,ESTAC Troyes,2025-08-15,0.0,0.0,DRAW
Red Star,Amiens SC,2025-08-15,1.0,3.0,AWAY
Galatasaray,Karagumruk,2025-08-15,3.0,0.0,HOME
SC Bastia,Pau,2025-08-15,1.0,1.0,DRAW
Grenoble Foot 38,Stade Lavallois,2025-08-15,1.0,1.0,DRAW
Kocaelispor,Samsun,2025-08-16,0.0,1.0,AWAY
Malaga,SD Eibar,2025-08-16,1.0,1.0,DRAW
Monaco,Le Havre,2025-08-16,3.0,1.0,HOME
Racing Santander,CD Castellon,2025-08-16,3.0,1.0,HOME
RCD Mallorca,Barcelona,2025-08-16,0.0,3.0,AWAY
Wolves,Manchester City,2025-08-16,0.0,4.0,AWAY
Alanya,Rize,2025-08-16,0.0,0.0,DRAW
CF Estrela da Amadora,Sport Lisboa e Benfica,2025-08-16,0.0,1.0,AWAY
Goztepe,Fenerbahce,2025-08-16,0.0,0.0,DRAW
OGC Nice,Toulouse,2025-08-16,0.0,1.0,AWAY
Deportivo Alaves,Levante UD,2025-08-16,2.0,1.0,HOME
Granada,Deportivo La Coruña,2025-08-16,1.0,3.0,AWAY
Valencia,Real Sociedad de Futbol,2025-08-16,1.0,1.0,DRAW
Vitoria Guimarães,GD Estoril Praia,2025-08-16,3.0,2.0,HOME
Racing Club de Lens,Olympique Lyonnais,2025-08-16,0.0,1.0,AWAY
Saint-Étienne,Rodez AF,2025-08-16,4.0,0.0,HOME
Sunderland AFC,West Ham,2025-08-16,3.0,0.0,HOME
Stade de Reims,EA Guingamp,2025-08-16,1.0,0.0,HOME
Portsmouth,Norwich City,2025-08-16,1.0,2.0,AWAY
CD Tondela,Famalicão,2025-08-16,0.0,1.0,AWAY
Watford,Queens Park Rangers,2025-08-16,2.0,1.0,HOME
Annecy,USL Dunkerque,2025-08-16,2.0,2.0,DRAW
Brighton,Fulham,2025-08-16,1.0,1.0,DRAW
Blackburn Rovers,Birmingham City,2025-08-16,1.0,2.0,AWAY
Derby County,Coventry City,2025-08-16,3.0,5.0,AWAY
Wrexham AFC,West Bromwich Albion,2025-08-16,2.0,3.0,AWAY
Bristol City,Charlton Athletic,2025-08-16,0.0,0.0,DRAW
Millwall,Middlesbrough,2025-08-16,0.0,3.0,AWAY
Preston North End,Leicester,2025-08-16,2.0,1.0,HOME
Sheffield Wednesday,Stoke City,2025-08-16,0.0,3.0,AWAY
Swansea City AFC,Sheffield United,2025-08-16,1.0,0.0,HOME
Aston Villa,Newcastle,2025-08-16,0.0,0.0,DRAW
Tottenham,Burnley,2025-08-16,3.0,0.0,HOME
RCD Espanyol de Barcelona,Club Atletico de Madrid,2025-08-17,2.0,1.0,HOME
Nantes,Paris Saint-Germain,2025-08-17,0.0,1.0,AWAY
UD Las Palmas,Andorra,2025-08-17,1.0,1.0,DRAW
Basaksehir,ayserispor,2025-08-17,1.0,1.0,DRAW
SD Huesca,CD Leganes,2025-08-17,1.0,1.0,DRAW
Genclerbirligi,Antalya,2025-08-17,0.0,1.0,AWAY
Cadiz,CD Mirandes,2025-08-17,1.0,0.0,HOME
CD Santa Clara,Moreirense,2025-08-17,0.0,1.0,AWAY
Alverca,Sporting Clube de Braga,2025-08-17,0.0,3.0,AWAY
Konya,Gaziantep,2025-08-17,3.0,0.0,HOME
Athletic Club,Sevilla,2025-08-17,3.0,2.0,HOME
Besiktas,Eyup,2025-08-17,2.0,1.0,HOME
Manchester Utd,Arsenal,2025-08-17,0.0,1.0,AWAY
Sporting Clube de Portugal,Arouca,2025-08-17,6.0,0.0,HOME
Angers SCO,Paris,2025-08-17,1.0,0.0,HOME
Nottingham Forest,Brentford,2025-08-17,3.0,1.0,HOME
Chelsea,Crystal Palace,2025-08-17,0.0,0.0,DRAW
Hull City AFC,Oxford United,2025-08-17,3.0,2.0,HOME
Stade Brestois 29,Lille OSC,2025-08-17,3.0,3.0,DRAW
Metz,RC Strasbourg Alsace,2025-08-17,0.0,1.0,AWAY
Rio Ave,CD Nacional,2025-08-17,1.0,1.0,DRAW
RC Celta de Vigo,Getafe,2025-08-17,0.0,2.0,AWAY
AJ Auxerre,Lorient,2025-08-17,1.0,0.0,HOME
Real Sociedad B,Real Zaragoza,2025-08-17,1.0,0.0,HOME
Ipswich Town,Southampton,2025-08-17,1.0,1.0,DRAW
Le Mans,Montpellier HSC,2025-08-18,1.0,2.0,AWAY
Elche,Real Betis Balompie,2025-08-18,1.0,1.0,DRAW
UD Almeria,Albacete,2025-08-18,4.0,4.0,DRAW
Sporting Gijon,Cordoba,2025-08-18,2.0,1.0,HOME
Leeds United,Everton,2025-08-18,1.0,0.0,HOME
Gil Vicente,Porto,2025-08-18,0.0,2.0,AWAY
Kasimpasa,Trabzon,2025-08-18,0.0,1.0,AWAY
Real Madrid,CA Osasuna,2025-08-19,1.0,0.0,HOME
Derby County,Bristol City,2025-08-22,1.0,1.0,DRAW
West Ham,Chelsea,2025-08-22,1.0,5.0,AWAY
Real Betis Balompie,Deportivo Alaves,2025-08-22,1.0,0.0,HOME
Paris Saint-Germain,Angers SCO,2025-08-22,1.0,0.0,HOME
CD Leganes,Cadiz,2025-08-22,1.0,1.0,DRAW
Karagumruk,Goztepe,2025-08-22,0.0,2.0,AWAY
USL Dunkerque,Nancy Lorraine,2025-08-22,1.0,3.0,AWAY
CD Castellon,Real Valladolid,2025-08-22,0.0,1.0,AWAY
Rodez AF,Stade Lavallois,2025-08-22,1.0,1.0,DRAW
Clermont Foot 63,Grenoble Foot 38,2025-08-22,2.0,1.0,HOME
SD Eibar,Granada,2025-08-22,3.0,0.0,HOME
Amiens SC,Annecy,2025-08-22,0.0,1.0,AWAY
SV Wehen Wiesbaden,Rot-Weiss Essen,2025-08-22,3.0,4.0,AWAY
Preußen Munster,1. FC Nurnberg,2025-08-22,2.0,1.0,HOME
SV 07 Elversberg,1. FC Kaiserslautern,2025-08-22,2.0,1.0,HOME
Le Mans,SC Bastia,2025-08-22,1.0,0.0,HOME
1. FC Union Berlin,Stuttgart,2025-08-23,2.0,1.0,HOME
1. FC Heidenheim 1846,VfL Wolfsburg,2025-08-23,1.0,3.0,AWAY
Virtus Entella,Juve Stabia,2025-08-23,1.0,1.0,DRAW
Moreirense,Vitoria Guimarães,2025-08-23,2.0,0.0,HOME
Empoli,Calcio Padova,2025-08-23,3.0,1.0,HOME
CD Mirandes,SD Huesca,2025-08-23,0.0,1.0,AWAY
Leverkusen,TSG 1899 Hoffenheim,2025-08-23,1.0,2.0,AWAY
Olympique de Marseille,Paris,2025-08-23,5.0,2.0,HOME
AD Ceuta,Sporting Gijon,2025-08-23,0.0,1.0,AWAY
CD Nacional,Sporting Clube de Portugal,2025-08-23,1.0,4.0,AWAY
RCD Mallorca,RC Celta de Vigo,2025-08-23,1.0,1.0,DRAW
St. Pauli 1910,Dortmund,2025-08-23,3.0,3.0,DRAW
SC Freiburg,Augsburg,2025-08-23,1.0,3.0,AWAY
US Boulogne,Saint-Étienne,2025-08-23,0.0,1.0,AWAY
Schalke,VfL Bochum,2025-08-23,2.0,1.0,HOME
Olympique Lyonnais,Metz,2025-08-23,3.0,0.0,HOME
Fenerbahce,Kocaelispor,2025-08-23,3.0,1.0,HOME
Gaziantep,Genclerbirligi,2025-08-23,2.0,1.0,HOME
Sport Lisboa e Benfica,CD Tondela,2025-08-23,3.0,0.0,HOME
Levante UD,Barcelona,2025-08-23,2.0,3.0,AWAY
Arouca,Rio Ave,2025-08-23,3.0,3.0,DRAW
Palermo,Reggiana 1919,2025-08-23,2.0,1.0,HOME
Monza,Mantova 1911 SSD,2025-08-23,1.0,0.0,HOME
Club Atletico de Madrid,Elche,2025-08-23,1.0,1.0,DRAW
OGC Nice,AJ Auxerre,2025-08-23,3.0,1.0,HOME
Arsenal,Leeds United,2025-08-23,5.0,0.0,HOME
Real Zaragoza,Andorra,2025-08-23,1.0,3.0,AWAY
Manchester City,Tottenham,2025-08-23,0.0,2.0,AWAY
Alemannia Aachen,TSV 1860 Munchen,2025-08-23,0.0,2.0,AWAY
Burnley,Sunderland AFC,2025-08-23,2.0,0.0,HOME
EA Guingamp,Red Star,2025-08-23,0.0,4.0,AWAY
VfB Stuttgart II,SC Verl,2025-08-23,1.0,1.0,DRAW
Norwich City,Middlesbrough,2025-08-23,1.0,2.0,AWAY
Hannover 96,1. FC Magdeburg,2025-08-23,3.0,1.0,HOME
MSV Duisburg,SSV Ulm 1846,2025-08-23,2.0,1.0,HOME
VfL Osnabruck,1. FC Saarbrucken,2025-08-23,2.0,0.0,HOME
Karlsruher SC,Eintracht Braunschweig,2025-08-23,2.0,0.0,HOME
SC Paderborn 07,Fortuna Dusseldorf,2025-08-23,1.0,2.0,AWAY
Hull City AFC,Blackburn Rovers,2025-08-23,0.0,3.0,AWAY
Jahn Regensburg,1. FC Schweinfurt 05,2025-08-23,3.0,0.0,HOME
Hoffenheim II,Energie Cottbus,2025-08-23,4.0,1.0,HOME
Swansea City AFC,Watford,2025-08-23,1.0,1.0,DRAW
ESTAC Troyes,Montpellier HSC,2025-08-23,1.0,0.0,HOME
Charlton Athletic,Leicester,2025-08-23,0.0,1.0,AWAY
AFC Bournemouth,Wolves,2025-08-23,1.0,0.0,HOME
Brentford,Aston Villa,2025-08-23,1.0,0.0,HOME
Frankfurt,SV Werder Bremen,2025-08-23,4.0,1.0,HOME
Coventry City,Queens Park Rangers,2025-08-23,7.0,1.0,HOME
Birmingham City,Oxford United,2025-08-23,1.0,0.0,HOME
Preston North End,Ipswich Town,2025-08-23,1.0,0.0,HOME
Sheffield United,Millwall,2025-08-23,0.0,1.0,AWAY
West Bromwich Albion,Portsmouth,2025-08-23,1.0,1.0,DRAW
Wrexham AFC,Sheffield Wednesday,2025-08-23,2.0,2.0,DRAW
Southampton,Stoke City,2025-08-23,1.0,2.0,AWAY
US Catanzaro,Sudtirol,2025-08-24,1.0,1.0,DRAW
Porto,Casa Pia,2025-08-24,4.0,0.0,HOME
Cagliari Calcio,ACF Fiorentina,2025-08-24,1.0,1.0,DRAW
Cultural Leonesa,UD Almeria,2025-08-24,0.0,1.0,AWAY
Waldhof Mannheim,Viktoria Koln,2025-08-24,2.0,0.0,HOME
Como 1907,SS Lazio,2025-08-24,2.0,0.0,HOME
Atalanta BC,Pisa 1909,2025-08-24,1.0,1.0,DRAW
Juventus,Parma Calcio 1913,2025-08-24,2.0,0.0,HOME
Sporting Clube de Braga,AVS,2025-08-24,2.0,2.0,DRAW
Real Oviedo,Real Madrid,2025-08-24,0.0,3.0,AWAY
Kayseri,Galatasaray,2025-08-24,0.0,4.0,AWAY
Lille OSC,Monaco,2025-08-24,1.0,0.0,HOME
Trabzon,Antalya,2025-08-24,1.0,0.0,HOME
Frosinone Calcio,US Avellino,2025-08-24,2.0,0.0,HOME
Malaga,Real Sociedad B,2025-08-24,1.0,0.0,HOME
Venezia,SSC Bari,2025-08-24,2.0,1.0,HOME
Real Sociedad de Futbol,RCD Espanyol de Barcelona,2025-08-24,2.0,2.0,DRAW
Villarreal,Girona,2025-08-24,5.0,0.0,HOME
Famalicão,Gil Vicente,2025-08-24,0.0,0.0,DRAW
Monchengladbach,Hamburger SV,2025-08-24,0.0,0.0,DRAW
Crystal Palace,Nottingham Forest,2025-08-24,1.0,1.0,DRAW
1. FSV Mainz 05,1. FC Koln,2025-08-24,0.0,1.0,AWAY
Ingolstadt 04,Hansa Rostock,2025-08-24,1.0,1.0,DRAW
SpVgg Greuther Furth,Holstein Kiel,2025-08-24,0.0,2.0,AWAY
Arminia Bielefeld,Dynamo Dresden,2025-08-24,1.0,2.0,AWAY
Everton,Brighton,2025-08-24,2.0,0.0,HOME
Spezia Calcio,Carrarese Calcio,2025-08-24,0.0,2.0,AWAY
Lorient,Stade Rennais FC 1901,2025-08-24,4.0,0.0,HOME
Deportivo La Coruña,Burgos,2025-08-24,0.0,0.0,DRAW
Fulham,Manchester Utd,2025-08-24,1.0,1.0,DRAW
CA Osasuna,Valencia,2025-08-24,1.0,0.0,HOME
Le Havre,Racing Club de Lens,2025-08-24,1.0,2.0,AWAY
RC Strasbourg Alsace,Nantes,2025-08-24,1.0,0.0,HOME
Erzgebirge Aue,TSV Havelse,2025-08-24,2.0,1.0,HOME
SV Darmstadt 98,Hertha BSC,2025-08-24,0.0,0.0,DRAW
Toulouse,Stade Brestois 29,2025-08-24,2.0,0.0,HOME
CF Estrela da Amadora,Alverca,2025-08-25,2.0,2.0,DRAW
Newcastle,Liverpool,2025-08-25,2.0,3.0,AWAY
Sevilla,Getafe,2025-08-25,1.0,2.0,AWAY
Internazionale Milano,Torino,2025-08-25,5.0,0.0,HOME
Pau,Stade de Reims,2025-08-25,2.0,0.0,HOME
Athletic Club,Rayo Vallecano de Madrid,2025-08-25,1.0,0.0,HOME
Sampdoria,Modena,2025-08-25,0.0,2.0,AWAY
Eyup,Alanya,2025-08-25,2.0,1.0,HOME
Albacete,Racing Santander,2025-08-25,2.0,3.0,AWAY
Udinese Calcio,Hellas Verona,2025-08-25,1.0,1.0,DRAW
Cordoba,UD Las Palmas,2025-08-25,1.0,3.0,AWAY
RC Celta de Vigo,Real Betis Balompie,2025-08-27,1.0,1.0,DRAW
Elche,Levante UD,2025-08-29,2.0,0.0,HOME
Reggiana 1919,Empoli,2025-08-29,3.0,1.0,HOME
Valencia,Getafe,2025-08-29,3.0,0.0,HOME
US Lecce,Milan,2025-08-29,0.0,2.0,AWAY
Goztepe,Konya,2025-08-29,1.0,1.0,DRAW
Hamburger SV,St. Pauli 1910,2025-08-29,0.0,2.0,AWAY
Sporting Gijon,Cultural Leonesa,2025-08-29,1.0,0.0,HOME
Gil Vicente,Moreirense,2025-08-29,2.0,0.0,HOME
Leicester,Birmingham City,2025-08-29,2.0,0.0,HOME
Racing Club de Lens,Stade Brestois 29,2025-08-29,3.0,1.0,HOME
Hertha BSC,SV 07 Elversberg,2025-08-29,0.0,2.0,AWAY
Viktoria Koln,Jahn Regensburg,2025-08-29,1.0,0.0,HOME
Montpellier HSC,Amiens SC,2025-08-29,1.0,1.0,DRAW
Stade Lavallois,Clermont Foot 63,2025-08-29,0.0,0.0,DRAW
1. FC Nurnberg,SC Paderborn 07,2025-08-29,0.0,0.0,DRAW
Rodez AF,US Boulogne,2025-08-29,1.0,0.0,HOME
USL Dunkerque,ESTAC Troyes,2025-08-29,2.0,0.0,HOME
US Cremonese,US Sassuolo Calcio,2025-08-29,3.0,2.0,HOME
Nancy Lorraine,Pau,2025-08-29,2.0,2.0,DRAW
Real Sociedad B,UD Almeria,2025-08-29,2.0,2.0,DRAW
Red Star,Annecy,2025-08-29,1.0,0.0,HOME
Real Oviedo,Real Sociedad de Futbol,2025-08-30,1.0,0.0,HOME
Augsburg,Bayern Munchen,2025-08-30,2.0,3.0,AWAY
Kasimpasa,Gaziantep,2025-08-30,2.0,3.0,AWAY
Deportivo Alaves,Club Atletico de Madrid,2025-08-30,1.0,1.0,DRAW
Lorient,Lille OSC,2025-08-30,1.0,7.0,AWAY
Parma Calcio 1913,Atalanta BC,2025-08-30,1.0,1.0,DRAW
Kocaelispor,Kayseri,2025-08-30,1.0,1.0,DRAW
Real Valladolid,Cordoba,2025-08-30,0.0,0.0,DRAW
Real Madrid,RCD Mallorca,2025-08-30,2.0,1.0,HOME
Vitoria Guimarães,Arouca,2025-08-30,1.0,1.0,DRAW
Leeds United,Newcastle,2025-08-30,0.0,0.0,DRAW
Bologna FC 1909,Como 1907,2025-08-30,1.0,0.0,HOME
Juve Stabia,Venezia,2025-08-30,0.0,0.0,DRAW
Saint-Étienne,Grenoble Foot 38,2025-08-30,1.0,1.0,DRAW
Pisa 1909,Roma,2025-08-30,0.0,1.0,AWAY
Cesena,Virtus Entella,2025-08-30,1.0,1.0,DRAW
Racing Santander,AD Ceuta,2025-08-30,4.0,1.0,HOME
Toulouse,Paris Saint-Germain,2025-08-30,3.0,6.0,AWAY
AVS,Famalicão,2025-08-30,0.0,1.0,AWAY
Galatasaray,Rize,2025-08-30,3.0,1.0,HOME
SSC Napoli,Cagliari Calcio,2025-08-30,1.0,0.0,HOME
Sporting Clube de Portugal,Porto,2025-08-30,1.0,2.0,AWAY
CD Castellon,Real Zaragoza,2025-08-30,1.0,1.0,DRAW
Spezia Calcio,US Catanzaro,2025-08-30,0.0,0.0,DRAW
Palermo,Frosinone Calcio,2025-08-30,0.0,0.0,DRAW
Fortuna Dusseldorf,Karlsruher SC,2025-08-30,0.0,0.0,DRAW
Girona,Sevilla,2025-08-30,0.0,2.0,AWAY
Antalya,Karagumruk,2025-08-30,1.0,2.0,AWAY
Nantes,AJ Auxerre,2025-08-30,1.0,0.0,HOME
TSG 1899 Hoffenheim,Frankfurt,2025-08-30,1.0,3.0,AWAY
Mantova 1911 SSD,Delfino Pescara,2025-08-30,2.0,1.0,HOME
SV Werder Bremen,Leverkusen,2025-08-30,3.0,3.0,DRAW
TSV 1860 Munchen,VfB Stuttgart II,2025-08-30,1.0,1.0,DRAW
TSV Havelse,VfL Osnabruck,2025-08-30,0.0,2.0,AWAY
Energie Cottbus,Ingolstadt 04,2025-08-30,1.0,1.0,DRAW
SC Bastia,EA Guingamp,2025-08-30,1.0,3.0,AWAY
1. FC Saarbrucken,Erzgebirge Aue,2025-08-30,4.0,1.0,HOME
Blackburn Rovers,Norwich City,2025-08-30,0.0,2.0,AWAY
Eintracht Braunschweig,Arminia Bielefeld,2025-08-30,1.0,1.0,DRAW
Middlesbrough,Sheffield United,2025-08-30,1.0,0.0,HOME
Chelsea,Fulham,2025-08-30,2.0,0.0,HOME
Holstein Kiel,Hannover 96,2025-08-30,1.0,2.0,AWAY
VfL Bochum,Preußen Munster,2025-08-30,1.0,2.0,AWAY
SC Verl,MSV Duisburg,2025-08-30,2.0,3.0,AWAY
Queens Park Rangers,Charlton Athletic,2025-08-30,3.0,1.0,HOME
Stade de Reims,Le Mans,2025-08-30,1.0,0.0,HOME
Bristol City,Hull City AFC,2025-08-30,4.0,2.0,HOME
Stoke City,West Bromwich Albion,2025-08-30,0.0,1.0,AWAY
Hansa Rostock,Hoffenheim II,2025-08-30,0.0,1.0,AWAY
Sunderland AFC,Brentford,2025-08-30,2.0,1.0,HOME
Watford,Southampton,2025-08-30,2.0,2.0,DRAW
Stuttgart,Monchengladbach,2025-08-30,1.0,0.0,HOME
Manchester Utd,Burnley,2025-08-30,3.0,2.0,HOME
Tottenham,AFC Bournemouth,2025-08-30,0.0,1.0,AWAY
Wolves,Everton,2025-08-30,2.0,3.0,AWAY
Millwall,Wrexham AFC,2025-08-30,0.0,2.0,AWAY
Leipzig,1. FC Heidenheim 1846,2025-08-30,2.0,0.0,HOME
Oxford United,Coventry City,2025-08-30,2.0,2.0,DRAW
Portsmouth,Preston North End,2025-08-30,1.0,0.0,HOME
Sheffield Wednesday,Swansea City AFC,2025-08-30,0.0,2.0,AWAY
Casa Pia,CD Nacional,2025-08-30,0.0,2.0,AWAY
Ipswich Town,Derby County,2025-08-30,2.0,2.0,DRAW
Genoa CFC,Juventus,2025-08-31,0.0,1.0,AWAY
Modena,US Avellino,2025-08-31,1.0,1.0,DRAW
Rot-Weiss Essen,Alemannia Aachen,2025-08-31,2.0,3.0,AWAY
Torino,ACF Fiorentina,2025-08-31,0.0,0.0,DRAW
UD Las Palmas,Malaga,2025-08-31,0.0,1.0,AWAY
Real Betis Balompie,Athletic Club,2025-08-31,1.0,2.0,AWAY
RCD Espanyol de Barcelona,CA Osasuna,2025-08-31,1.0,0.0,HOME
1. FC Koln,SC Freiburg,2025-08-31,4.0,1.0,HOME
Aston Villa,Crystal Palace,2025-08-31,0.0,3.0,AWAY
Alanya,Besiktas,2025-08-31,2.0,0.0,HOME
Olympique Lyonnais,Olympique de Marseille,2025-08-31,1.0,0.0,HOME
Rayo Vallecano de Madrid,Barcelona,2025-08-31,1.0,1.0,DRAW
SS Lazio,Hellas Verona,2025-08-31,4.0,0.0,HOME
Genclerbirligi,Fenerbahce,2025-08-31,1.0,3.0,AWAY
Granada,CD Mirandes,2025-08-31,1.0,2.0,AWAY
Rio Ave,Sporting Clube de Braga,2025-08-31,2.0,2.0,DRAW
Trabzon,Samsun,2025-08-31,1.0,1.0,DRAW
Internazionale Milano,Udinese Calcio,2025-08-31,1.0,2.0,AWAY
SSC Bari,Monza,2025-08-31,1.0,1.0,DRAW
CD Santa Clara,CF Estrela da Amadora,2025-08-31,0.0,0.0,DRAW
Sudtirol,Sampdoria,2025-08-31,3.0,1.0,HOME
Carrarese Calcio,Calcio Padova,2025-08-31,0.0,0.0,DRAW
Alverca,Sport Lisboa e Benfica,2025-08-31,1.0,2.0,AWAY
1. FC Kaiserslautern,SV Darmstadt 98,2025-08-31,3.0,1.0,HOME
1. FC Schweinfurt 05,SV Wehen Wiesbaden,2025-08-31,0.0,1.0,AWAY
Dynamo Dresden,Schalke,2025-08-31,0.0,1.0,AWAY
Brighton,Manchester City,2025-08-31,2.0,1.0,HOME
Angers SCO,Stade Rennais FC 1901,2025-08-31,1.0,1.0,DRAW
VfL Wolfsburg,1. FSV Mainz 05,2025-08-31,1.0,1.0,DRAW
CD Tondela,GD Estoril Praia,2025-08-31,2.0,2.0,DRAW
Paris,Metz,2025-08-31,3.0,2.0,HOME
SSV Ulm 1846,Waldhof Mannheim,2025-08-31,1.0,2.0,AWAY
Cadiz,Albacete,2025-08-31,2.0,1.0,HOME
RC Celta de Vigo,Villarreal,2025-08-31,1.0,1.0,DRAW
Le Havre,OGC Nice,2025-08-31,3.0,1.0,HOME
Monaco,RC Strasbourg Alsace,2025-08-31,3.0,2.0,HOME
Dortmund,1. FC Union Berlin,2025-08-31,3.0,0.0,HOME
Andorra,Burgos,2025-08-31,2.0,1.0,HOME
Basaksehir,yupspor,2025-08-31,0.0,0.0,DRAW
1. FC Magdeburg,SpVgg Greuther Furth,2025-08-31,4.0,5.0,AWAY
Liverpool,Arsenal,2025-08-31,1.0,0.0,HOME
Nottingham Forest,West Ham,2025-08-31,0.0,3.0,AWAY
CD Leganes,Deportivo La Coruña,2025-09-01,2.0,2.0,DRAW
SD Huesca,SD Eibar,2025-09-01,2.0,1.0,HOME
Albacete,CD Mirandes,2025-09-05,1.0,4.0,AWAY
Cordoba,CD Castellon,2025-09-05,2.0,1.0,HOME
Real Zaragoza,Real Valladolid,2025-09-06,1.0,1.0,DRAW
GD Estoril Praia,CD Santa Clara,2025-09-06,0.0,1.0,AWAY
Malaga,Granada,2025-09-06,2.0,2.0,DRAW
Deportivo La Coruña,Sporting Gijon,2025-09-06,1.0,0.0,HOME
Burgos,UD Las Palmas,2025-09-07,0.0,0.0,DRAW
UD Almeria,Racing Santander,2025-09-07,2.0,3.0,AWAY
AD Ceuta,SD Huesca,2025-09-07,2.0,1.0,HOME
Cultural Leonesa,CD Leganes,2025-09-07,0.0,0.0,DRAW
Real Sociedad B,Cadiz,2025-09-07,3.0,3.0,DRAW
SD Eibar,Andorra,2025-09-08,2.0,0.0,HOME
Olympique de Marseille,Lorient,2025-09-12,4.0,0.0,HOME
UD Las Palmas,Real Sociedad B,2025-09-12,2.0,1.0,HOME
Sevilla,Elche,2025-09-12,2.0,2.0,DRAW
Leverkusen,Frankfurt,2025-09-12,3.0,1.0,HOME
Sport Lisboa e Benfica,CD Santa Clara,2025-09-12,1.0,1.0,DRAW
Alverca,CD Tondela,2025-09-12,1.0,0.0,HOME
Ipswich Town,Sheffield United,2025-09-12,5.0,0.0,HOME
US Avellino,Monza,2025-09-12,2.0,1.0,HOME
Le Mans,Rodez AF,2025-09-12,0.0,1.0,AWAY
SC Paderborn 07,VfL Bochum,2025-09-12,1.0,0.0,HOME
Arminia Bielefeld,1. FC Magdeburg,2025-09-12,2.0,0.0,HOME
Jahn Regensburg,Rot-Weiss Essen,2025-09-12,1.0,3.0,AWAY
Amiens SC,SC Bastia,2025-09-12,0.0,0.0,DRAW
Pau,Red Star,2025-09-12,0.0,3.0,AWAY
US Boulogne,Stade Lavallois,2025-09-12,1.0,2.0,AWAY
ESTAC Troyes,Nancy Lorraine,2025-09-12,3.0,0.0,HOME
1. FC Union Berlin,TSG 1899 Hoffenheim,2025-09-13,2.0,4.0,AWAY
SC Freiburg,Stuttgart,2025-09-13,3.0,1.0,HOME
Alemannia Aachen,SSV Ulm 1846,2025-09-13,1.0,3.0,AWAY
Moreirense,Rio Ave,2025-09-13,3.0,1.0,HOME
OGC Nice,Nantes,2025-09-13,1.0,0.0,HOME
VfL Wolfsburg,1. FC Koln,2025-09-13,3.0,3.0,DRAW
Samsun,Antalya,2025-09-13,1.0,2.0,AWAY
Eyup,Galatasaray,2025-09-13,0.0,2.0,AWAY
1. FSV Mainz 05,Leipzig,2025-09-13,0.0,1.0,AWAY
Karagumruk,Kasimpasa,2025-09-13,0.0,1.0,AWAY
US Catanzaro,Carrarese Calcio,2025-09-13,1.0,1.0,DRAW
Real Sociedad de Futbol,Real Madrid,2025-09-13,1.0,2.0,AWAY
Cadiz,SD Eibar,2025-09-13,1.0,0.0,HOME
1. FC Heidenheim 1846,Dortmund,2025-09-13,0.0,2.0,AWAY
Sampdoria,Cesena,2025-09-13,1.0,2.0,AWAY
Juventus,Internazionale Milano,2025-09-13,4.0,3.0,HOME
AJ Auxerre,Monaco,2025-09-13,1.0,2.0,AWAY
Besiktas,Basaksehir,2025-09-13,2.0,1.0,HOME
Porto,CD Nacional,2025-09-13,1.0,0.0,HOME
CD Mirandes,Deportivo La Coruña,2025-09-13,1.0,5.0,AWAY
Bayern Munchen,Hamburger SV,2025-09-13,5.0,0.0,HOME
Konya,Alanya,2025-09-13,1.0,2.0,AWAY
Athletic Club,Deportivo Alaves,2025-09-13,0.0,1.0,AWAY
Hannover 96,Hertha BSC,2025-09-13,0.0,3.0,AWAY
SD Huesca,Malaga,2025-09-13,1.0,0.0,HOME
Brentford,Chelsea,2025-09-13,2.0,2.0,DRAW
Real Valladolid,UD Almeria,2025-09-13,3.0,1.0,HOME
ACF Fiorentina,SSC Napoli,2025-09-13,1.0,3.0,AWAY
Club Atletico de Madrid,Villarreal,2025-09-13,2.0,0.0,HOME
West Ham,Tottenham,2025-09-13,0.0,3.0,AWAY
GD Estoril Praia,AVS,2025-09-13,3.0,1.0,HOME
West Bromwich Albion,Derby County,2025-09-13,0.0,1.0,AWAY
Clermont Foot 63,Saint-Étienne,2025-09-13,1.0,2.0,AWAY
Watford,Blackburn Rovers,2025-09-13,0.0,1.0,AWAY
Crystal Palace,Sunderland AFC,2025-09-13,0.0,0.0,DRAW
Grenoble Foot 38,USL Dunkerque,2025-09-13,1.0,0.0,HOME
Hoffenheim II,SC Verl,2025-09-13,2.0,4.0,AWAY
Juve Stabia,Reggiana 1919,2025-09-13,0.0,0.0,DRAW
MSV Duisburg,SV Wehen Wiesbaden,2025-09-13,3.0,1.0,HOME
Erzgebirge Aue,Viktoria Koln,2025-09-13,0.0,3.0,AWAY
Wrexham AFC,Queens Park Rangers,2025-09-13,1.0,3.0,AWAY
Ingolstadt 04,1. FC Schweinfurt 05,2025-09-13,2.0,3.0,AWAY
Preston North End,Middlesbrough,2025-09-13,2.0,2.0,DRAW
Charlton Athletic,Millwall,2025-09-13,1.0,1.0,DRAW
Arsenal,Nottingham Forest,2025-09-13,3.0,0.0,HOME
Schalke,Holstein Kiel,2025-09-13,0.0,1.0,AWAY
SV Darmstadt 98,Eintracht Braunschweig,2025-09-13,2.0,1.0,HOME
Annecy,Stade de Reims,2025-09-13,1.0,1.0,DRAW
Oxford United,Leicester,2025-09-13,2.0,2.0,DRAW
VfB Stuttgart II,1. FC Saarbrucken,2025-09-13,1.0,3.0,AWAY
Getafe,Real Oviedo,2025-09-13,2.0,0.0,HOME
Famalicão,Sporting Clube de Portugal,2025-09-13,1.0,2.0,AWAY
Swansea City AFC,Hull City AFC,2025-09-13,2.0,2.0,DRAW
Sheffield Wednesday,Bristol City,2025-09-13,0.0,3.0,AWAY
Newcastle,Wolves,2025-09-13,1.0,0.0,HOME
Stoke City,Birmingham City,2025-09-13,1.0,0.0,HOME
Cagliari Calcio,Parma Calcio 1913,2025-09-13,2.0,0.0,HOME
Fulham,Leeds United,2025-09-13,1.0,0.0,HOME
Coventry City,Norwich City,2025-09-13,1.0,1.0,DRAW
AFC Bournemouth,Brighton,2025-09-13,2.0,1.0,HOME
Delfino Pescara,Venezia,2025-09-13,2.0,2.0,DRAW
Calcio Padova,Frosinone Calcio,2025-09-13,0.0,1.0,AWAY
Everton,Aston Villa,2025-09-13,0.0,0.0,DRAW
Karlsruher SC,1. FC Nurnberg,2025-09-13,2.0,1.0,HOME
Modena,SSC Bari,2025-09-13,3.0,0.0,HOME
Sporting Gijon,Burgos,2025-09-14,2.0,3.0,AWAY
Monchengladbach,SV Werder Bremen,2025-09-14,0.0,4.0,AWAY
Metz,Angers SCO,2025-09-14,1.0,1.0,DRAW
Gaziantep,Kocaelispor,2025-09-14,2.0,0.0,HOME
RC Strasbourg Alsace,Le Havre,2025-09-14,1.0,0.0,HOME
Stade Brestois 29,Paris,2025-09-14,1.0,2.0,AWAY
CD Castellon,AD Ceuta,2025-09-14,3.0,3.0,DRAW
US Sassuolo Calcio,SS Lazio,2025-09-14,1.0,0.0,HOME
Manchester City,Manchester Utd,2025-09-14,3.0,0.0,HOME
Barcelona,Valencia,2025-09-14,6.0,0.0,HOME
Fenerbahce,Trabzon,2025-09-14,1.0,0.0,HOME
CA Osasuna,Rayo Vallecano de Madrid,2025-09-14,2.0,0.0,HOME
TSV 1860 Munchen,TSV Havelse,2025-09-14,3.0,2.0,HOME
Granada,CD Leganes,2025-09-14,0.0,2.0,AWAY
Milan,Bologna FC 1909,2025-09-14,1.0,0.0,HOME
Stade Rennais FC 1901,Olympique Lyonnais,2025-09-14,3.0,1.0,HOME
Levante UD,Real Betis Balompie,2025-09-14,2.0,2.0,DRAW
Sporting Clube de Braga,Gil Vicente,2025-09-14,0.0,1.0,AWAY
Empoli,Spezia Calcio,2025-09-14,1.0,1.0,DRAW
Arouca,Casa Pia,2025-09-14,0.0,2.0,AWAY
RC Celta de Vigo,Girona,2025-09-14,1.0,1.0,DRAW
Southampton,Portsmouth,2025-09-14,0.0,0.0,DRAW
Kayseri,Goztepe,2025-09-14,1.0,1.0,DRAW
Burnley,Liverpool,2025-09-14,0.0,1.0,AWAY
Roma,Torino,2025-09-14,0.0,1.0,AWAY
SV 07 Elversberg,Dynamo Dresden,2025-09-14,2.0,2.0,DRAW
VfL Osnabruck,Hansa Rostock,2025-09-14,0.0,0.0,DRAW
SpVgg Greuther Furth,1. FC Kaiserslautern,2025-09-14,0.0,3.0,AWAY
Preußen Munster,Fortuna Dusseldorf,2025-09-14,1.0,2.0,AWAY
Andorra,Cordoba,2025-09-14,3.0,1.0,HOME
Paris Saint-Germain,Racing Club de Lens,2025-09-14,2.0,0.0,HOME
Lille OSC,Toulouse,2025-09-14,2.0,1.0,HOME
CF Estrela da Amadora,Vitoria Guimarães,2025-09-14,0.0,2.0,AWAY
Waldhof Mannheim,Energie Cottbus,2025-09-14,0.0,3.0,AWAY
St. Pauli 1910,Augsburg,2025-09-14,2.0,1.0,HOME
Virtus Entella,Mantova 1911 SSD,2025-09-14,1.0,0.0,HOME
Pisa 1909,Udinese Calcio,2025-09-14,0.0,1.0,AWAY
Atalanta BC,US Lecce,2025-09-14,4.0,1.0,HOME
Racing Santander,Cultural Leonesa,2025-09-14,2.0,4.0,AWAY
Sudtirol,Palermo,2025-09-14,0.0,2.0,AWAY
Real Zaragoza,Albacete,2025-09-15,0.0,0.0,DRAW
Rize,Genclerbirligi,2025-09-15,1.0,0.0,HOME
Hellas Verona,US Cremonese,2025-09-15,0.0,0.0,DRAW
Como 1907,Genoa CFC,2025-09-15,1.0,1.0,DRAW
RCD Espanyol de Barcelona,RCD Mallorca,2025-09-15,3.0,2.0,HOME
EA Guingamp,Montpellier HSC,2025-09-15,1.0,0.0,HOME
1. FC Schweinfurt 05,MSV Duisburg,2025-09-16,0.0,3.0,AWAY
SC Verl,Alemannia Aachen,2025-09-16,2.0,1.0,HOME
SV Wehen Wiesbaden,Jahn Regensburg,2025-09-16,2.0,0.0,HOME
US Boulogne,SC Bastia,2025-09-16,1.0,0.0,HOME
1. FC Saarbrucken,SSV Ulm 1846,2025-09-16,3.0,1.0,HOME
Viktoria Koln,Hoffenheim II,2025-09-16,2.0,1.0,HOME
Hansa Rostock,TSV 1860 Munchen,2025-09-17,2.0,1.0,HOME
Samsun,Kasimpasa,2025-09-17,0.0,0.0,DRAW
Waldhof Mannheim,VfB Stuttgart II,2025-09-17,0.0,1.0,AWAY
Energie Cottbus,Erzgebirge Aue,2025-09-17,2.0,1.0,HOME
Karagumruk,Basaksehir,2025-09-17,0.0,2.0,AWAY
Fenerbahce,Alanya,2025-09-17,2.0,2.0,DRAW
Rot-Weiss Essen,VfL Osnabruck,2025-09-17,1.0,1.0,DRAW
TSV Havelse,Ingolstadt 04,2025-09-17,2.0,6.0,AWAY
Real Betis Balompie,Real Sociedad de Futbol,2025-09-19,3.0,1.0,HOME
Middlesbrough,West Bromwich Albion,2025-09-19,2.0,1.0,HOME
Palermo,SSC Bari,2025-09-19,2.0,0.0,HOME
Rio Ave,Porto,2025-09-19,0.0,3.0,AWAY
Deportivo La Coruña,SD Huesca,2025-09-19,4.0,0.0,HOME
USL Dunkerque,Le Mans,2025-09-19,2.0,2.0,DRAW
US Lecce,Cagliari Calcio,2025-09-19,1.0,2.0,AWAY
Olympique Lyonnais,Angers SCO,2025-09-19,1.0,0.0,HOME
Stuttgart,St. Pauli 1910,2025-09-19,2.0,0.0,HOME
US Boulogne,Pau,2025-09-19,0.0,3.0,AWAY
Stade Lavallois,Amiens SC,2025-09-19,0.0,3.0,AWAY
Rodez AF,Clermont Foot 63,2025-09-19,0.0,1.0,AWAY
Grenoble Foot 38,Annecy,2025-09-19,1.0,3.0,AWAY
Nancy Lorraine,Red Star,2025-09-19,0.0,1.0,AWAY
1. FC Saarbrucken,1. FC Schweinfurt 05,2025-09-19,2.0,1.0,HOME
Frosinone Calcio,Sudtirol,2025-09-19,2.0,2.0,DRAW
Arminia Bielefeld,SpVgg Greuther Furth,2025-09-19,1.0,3.0,AWAY
1. FC Kaiserslautern,Preußen Munster,2025-09-19,4.0,1.0,HOME
Goztepe,Besiktas,2025-09-19,3.0,0.0,HOME
Genclerbirligi,Eyup,2025-09-20,1.0,0.0,HOME
CD Santa Clara,Alverca,2025-09-20,2.0,1.0,HOME
Andorra,CD Mirandes,2025-09-20,1.0,1.0,DRAW
TSG 1899 Hoffenheim,Bayern Munchen,2025-09-20,1.0,4.0,AWAY
Hamburger SV,1. FC Heidenheim 1846,2025-09-20,2.0,1.0,HOME
Real Madrid,RCD Espanyol de Barcelona,2025-09-20,2.0,0.0,HOME
Augsburg,1. FSV Mainz 05,2025-09-20,1.0,4.0,AWAY
Racing Club de Lens,Lille OSC,2025-09-20,3.0,0.0,HOME
Hellas Verona,Juventus,2025-09-20,1.0,1.0,DRAW
Nantes,Stade Rennais FC 1901,2025-09-20,2.0,2.0,DRAW
Manchester Utd,Chelsea,2025-09-20,2.0,1.0,HOME
CD Leganes,UD Las Palmas,2025-09-20,0.0,1.0,AWAY
CD Nacional,Arouca,2025-09-20,1.0,2.0,AWAY
Valencia,Athletic Club,2025-09-20,2.0,0.0,HOME
Vitoria Guimarães,Sporting Clube de Braga,2025-09-20,1.0,1.0,DRAW
AVS,Sport Lisboa e Benfica,2025-09-20,0.0,3.0,AWAY
Deportivo Alaves,Sevilla,2025-09-20,1.0,2.0,AWAY
UD Almeria,Sporting Gijon,2025-09-20,2.0,1.0,HOME
Fulham,Brentford,2025-09-20,3.0,1.0,HOME
Trabzon,Gaziantep,2025-09-20,1.0,1.0,DRAW
Udinese Calcio,Milan,2025-09-20,0.0,3.0,AWAY
Saint-Étienne,Stade de Reims,2025-09-20,3.0,2.0,HOME
Stade Brestois 29,OGC Nice,2025-09-20,4.0,1.0,HOME
TSV 1860 Munchen,Hoffenheim II,2025-09-20,1.0,5.0,AWAY
Leipzig,1. FC Koln,2025-09-20,3.0,1.0,HOME
Antalya,Kayseri,2025-09-20,1.0,1.0,DRAW
Villarreal,CA Osasuna,2025-09-20,2.0,1.0,HOME
SV Werder Bremen,SC Freiburg,2025-09-20,0.0,3.0,AWAY
Mantova 1911 SSD,Modena,2025-09-20,1.0,3.0,AWAY
1. FC Nurnberg,VfL Bochum,2025-09-20,2.0,1.0,HOME
VfB Stuttgart II,Viktoria Koln,2025-09-20,2.0,1.0,HOME
Monza,Sampdoria,2025-09-20,1.0,0.0,HOME
Sheffield United,Charlton Athletic,2025-09-20,0.0,1.0,AWAY
VfL Osnabruck,Erzgebirge Aue,2025-09-20,3.0,1.0,HOME
ESTAC Troyes,EA Guingamp,2025-09-20,5.0,2.0,HOME
Ingolstadt 04,SV Wehen Wiesbaden,2025-09-20,0.0,0.0,DRAW
Eintracht Braunschweig,SV 07 Elversberg,2025-09-20,1.0,4.0,AWAY
1. FC Magdeburg,Schalke,2025-09-20,0.0,2.0,AWAY
Birmingham City,Swansea City AFC,2025-09-20,1.0,0.0,HOME
Liverpool,Everton,2025-09-20,2.0,1.0,HOME
Hertha BSC,SC Paderborn 07,2025-09-20,0.0,2.0,AWAY
Alemannia Aachen,Waldhof Mannheim,2025-09-20,3.0,2.0,HOME
Leicester,Coventry City,2025-09-20,0.0,0.0,DRAW
Rot-Weiss Essen,Hansa Rostock,2025-09-20,3.0,0.0,HOME
Brighton,Tottenham,2025-09-20,2.0,2.0,DRAW
Queens Park Rangers,Stoke City,2025-09-20,1.0,0.0,HOME
Portsmouth,Sheffield Wednesday,2025-09-20,0.0,2.0,AWAY
Burnley,Nottingham Forest,2025-09-20,1.0,1.0,DRAW
Reggiana 1919,US Catanzaro,2025-09-20,2.0,2.0,DRAW
Girona,Levante UD,2025-09-20,0.0,4.0,AWAY
Spezia Calcio,Juve Stabia,2025-09-20,1.0,3.0,AWAY
Cultural Leonesa,CD Castellon,2025-09-20,1.0,3.0,AWAY
Bologna FC 1909,Genoa CFC,2025-09-20,2.0,1.0,HOME
Venezia,Cesena,2025-09-20,1.0,2.0,AWAY
West Ham,Crystal Palace,2025-09-20,1.0,2.0,AWAY
Wolves,Leeds United,2025-09-20,1.0,3.0,AWAY
Derby County,Preston North End,2025-09-20,0.0,1.0,AWAY
Montpellier HSC,SC Bastia,2025-09-20,2.0,0.0,HOME
Norwich City,Wrexham AFC,2025-09-20,2.0,3.0,AWAY
Hull City AFC,Southampton,2025-09-20,3.0,1.0,HOME
Arsenal,Manchester City,2025-09-21,1.0,1.0,DRAW
Gil Vicente,GD Estoril Praia,2025-09-21,2.0,0.0,HOME
Le Havre,Lorient,2025-09-21,1.0,1.0,DRAW
Monaco,Metz,2025-09-21,5.0,2.0,HOME
SD Eibar,Real Sociedad B,2025-09-21,2.0,1.0,HOME
Leverkusen,Monchengladbach,2025-09-21,1.0,1.0,DRAW
Malaga,Cadiz,2025-09-21,0.0,1.0,AWAY
Dortmund,VfL Wolfsburg,2025-09-21,1.0,0.0,HOME
Internazionale Milano,US Sassuolo Calcio,2025-09-21,2.0,1.0,HOME
SSV Ulm 1846,Jahn Regensburg,2025-09-21,2.0,1.0,HOME
Kasimpasa,Fenerbahce,2025-09-21,1.0,1.0,DRAW
Samsun,Karagumruk,2025-09-21,3.0,2.0,HOME
Cordoba,Racing Santander,2025-09-21,2.0,2.0,DRAW
Casa Pia,Famalicão,2025-09-21,1.0,1.0,DRAW
Barcelona,Getafe,2025-09-21,3.0,0.0,HOME
Calcio Padova,Virtus Entella,2025-09-21,2.0,1.0,HOME
Elche,Real Oviedo,2025-09-21,1.0,0.0,HOME
ACF Fiorentina,Como 1907,2025-09-21,1.0,2.0,AWAY
AJ Auxerre,Toulouse,2025-09-21,1.0,0.0,HOME
Delfino Pescara,Empoli,2025-09-21,4.0,0.0,HOME
CD Tondela,CF Estrela da Amadora,2025-09-21,0.0,0.0,DRAW
Basaksehir,lanyaspor,2025-09-21,1.0,1.0,DRAW
Carrarese Calcio,US Avellino,2025-09-21,3.0,4.0,AWAY
SS Lazio,Roma,2025-09-21,0.0,1.0,AWAY
Paris,RC Strasbourg Alsace,2025-09-21,2.0,3.0,AWAY
TSV Havelse,MSV Duisburg,2025-09-21,1.0,1.0,DRAW
Fortuna Dusseldorf,SV Darmstadt 98,2025-09-21,0.0,3.0,AWAY
Dynamo Dresden,Hannover 96,2025-09-21,2.0,2.0,DRAW
AD Ceuta,Real Zaragoza,2025-09-21,1.0,0.0,HOME
AFC Bournemouth,Newcastle,2025-09-21,0.0,0.0,DRAW
RCD Mallorca,Club Atletico de Madrid,2025-09-21,1.0,1.0,DRAW
Holstein Kiel,Karlsruher SC,2025-09-21,3.0,0.0,HOME
Bristol City,Oxford United,2025-09-21,1.0,3.0,AWAY
Torino,Atalanta BC,2025-09-21,0.0,3.0,AWAY
US Cremonese,Parma Calcio 1913,2025-09-21,0.0,0.0,DRAW
Albacete,Real Valladolid,2025-09-21,2.0,0.0,HOME
Frankfurt,1. FC Union Berlin,2025-09-21,3.0,4.0,AWAY
SC Verl,Energie Cottbus,2025-09-21,2.0,1.0,HOME
Rayo Vallecano de Madrid,RC Celta de Vigo,2025-09-21,1.0,1.0,DRAW
Sunderland AFC,Aston Villa,2025-09-21,1.0,1.0,DRAW
Kocaelispor,Rize,2025-09-21,1.0,1.0,DRAW
SSC Napoli,Pisa 1909,2025-09-22,3.0,2.0,HOME
Sporting Clube de Portugal,Moreirense,2025-09-22,3.0,0.0,HOME
Olympique de Marseille,Paris Saint-Germain,2025-09-22,1.0,0.0,HOME
Galatasaray,Konya,2025-09-22,3.0,1.0,HOME
Millwall,Watford,2025-09-22,1.0,0.0,HOME
Burgos,Granada,2025-09-22,1.0,1.0,DRAW
Le Mans,Grenoble Foot 38,2025-09-23,1.0,0.0,HOME
Sport Lisboa e Benfica,Rio Ave,2025-09-23,1.0,1.0,DRAW
Levante UD,Real Madrid,2025-09-23,1.0,4.0,AWAY
Stade de Reims,Clermont Foot 63,2025-09-23,4.0,1.0,HOME
SC Bastia,Rodez AF,2025-09-23,2.0,3.0,AWAY
Amiens SC,Saint-Étienne,2025-09-23,0.0,1.0,AWAY
Sevilla,Villarreal,2025-09-23,1.0,2.0,AWAY
Annecy,Nancy Lorraine,2025-09-23,1.0,2.0,AWAY
EA Guingamp,USL Dunkerque,2025-09-23,2.0,1.0,HOME
RCD Espanyol de Barcelona,Valencia,2025-09-23,2.0,2.0,DRAW
Athletic Club,Girona,2025-09-23,1.0,1.0,DRAW
Montpellier HSC,US Boulogne,2025-09-23,1.0,3.0,AWAY
Pau,Stade Lavallois,2025-09-23,1.0,0.0,HOME
Red Star,ESTAC Troyes,2025-09-23,1.0,3.0,AWAY
Club Atletico de Madrid,Rayo Vallecano de Madrid,2025-09-24,3.0,2.0,HOME
Getafe,Deportivo Alaves,2025-09-24,1.0,1.0,DRAW
Kayseri,Besiktas,2025-09-24,0.0,4.0,AWAY
Real Sociedad de Futbol,RCD Mallorca,2025-09-24,1.0,0.0,HOME
CA Osasuna,Elche,2025-09-25,1.0,1.0,DRAW
Real Oviedo,Barcelona,2025-09-25,1.0,3.0,AWAY
West Bromwich Albion,Leicester,2025-09-26,1.0,1.0,DRAW
Sport Lisboa e Benfica,Gil Vicente,2025-09-26,2.0,1.0,HOME
Bayern Munchen,SV Werder Bremen,2025-09-26,4.0,0.0,HOME
Girona,RCD Espanyol de Barcelona,2025-09-26,0.0,0.0,DRAW
Rodez AF,Pau,2025-09-26,1.0,2.0,AWAY
CD Mirandes,Real Zaragoza,2025-09-26,0.0,1.0,AWAY
RC Strasbourg Alsace,Olympique de Marseille,2025-09-26,1.0,2.0,AWAY
US Catanzaro,Juve Stabia,2025-09-26,2.0,2.0,DRAW
Energie Cottbus,VfB Stuttgart II,2025-09-26,5.0,0.0,HOME
Alanya,Galatasaray,2025-09-26,0.0,1.0,AWAY
Nancy Lorraine,Stade de Reims,2025-09-26,0.0,1.0,AWAY
Schalke,SpVgg Greuther Furth,2025-09-26,1.0,0.0,HOME
SV Darmstadt 98,Dynamo Dresden,2025-09-26,2.0,0.0,HOME
Grenoble Foot 38,SC Bastia,2025-09-26,0.0,0.0,DRAW
Clermont Foot 63,Le Mans,2025-09-26,1.0,1.0,DRAW
ESTAC Troyes,Annecy,2025-09-26,3.0,1.0,HOME
Moreirense,Casa Pia,2025-09-27,2.0,1.0,HOME
St. Pauli 1910,Leverkusen,2025-09-27,1.0,2.0,AWAY
1. FSV Mainz 05,Dortmund,2025-09-27,0.0,2.0,AWAY
Waldhof Mannheim,Rot-Weiss Essen,2025-09-27,6.0,1.0,HOME
SD Eibar,Deportivo La Coruña,2025-09-27,1.0,1.0,DRAW
1. FC Heidenheim 1846,Augsburg,2025-09-27,2.0,1.0,HOME
Getafe,Levante UD,2025-09-27,1.0,1.0,DRAW
Gaziantep,Samsun,2025-09-27,2.0,2.0,DRAW
Monza,Calcio Padova,2025-09-27,0.0,1.0,AWAY
Club Atletico de Madrid,Real Madrid,2025-09-27,5.0,2.0,HOME
Lorient,Monaco,2025-09-27,3.0,1.0,HOME
Nottingham Forest,Sunderland AFC,2025-09-27,0.0,1.0,AWAY
Racing Santander,Andorra,2025-09-27,1.0,2.0,AWAY
Eyup,Goztepe,2025-09-27,0.0,0.0,DRAW
RCD Mallorca,Deportivo Alaves,2025-09-27,1.0,0.0,HOME
Watford,Hull City AFC,2025-09-27,2.0,1.0,HOME
SSC Bari,Sampdoria,2025-09-27,1.0,1.0,DRAW
Paris Saint-Germain,AJ Auxerre,2025-09-27,2.0,0.0,HOME
CF Estrela da Amadora,AVS,2025-09-27,3.0,0.0,HOME
Villarreal,Athletic Club,2025-09-27,1.0,0.0,HOME
Cagliari Calcio,Internazionale Milano,2025-09-27,0.0,2.0,AWAY
GD Estoril Praia,Sporting Clube de Portugal,2025-09-27,0.0,1.0,AWAY
Tottenham,Wolves,2025-09-27,1.0,1.0,DRAW
VfL Bochum,Fortuna Dusseldorf,2025-09-27,0.0,1.0,AWAY
UD Las Palmas,UD Almeria,2025-09-27,0.0,1.0,AWAY
Karagumruk,Trabzon,2025-09-27,3.0,4.0,AWAY
Saint-Étienne,EA Guingamp,2025-09-27,2.0,3.0,AWAY
Toulouse,Nantes,2025-09-27,2.0,2.0,DRAW
Monchengladbach,Frankfurt,2025-09-27,4.0,6.0,AWAY
Stoke City,Norwich City,2025-09-27,1.0,1.0,DRAW
CD Santa Clara,CD Tondela,2025-09-27,1.0,2.0,AWAY
Juventus,Atalanta BC,2025-09-27,1.0,1.0,DRAW
Charlton Athletic,Blackburn Rovers,2025-09-27,3.0,0.0,HOME
VfL Wolfsburg,Leipzig,2025-09-27,0.0,1.0,AWAY
1. FC Schweinfurt 05,Alemannia Aachen,2025-09-27,1.0,5.0,AWAY
SV Wehen Wiesbaden,1. FC Saarbrucken,2025-09-27,1.0,1.0,DRAW
Hansa Rostock,TSV Havelse,2025-09-27,1.0,1.0,DRAW
Stade Lavallois,Montpellier HSC,2025-09-27,0.0,1.0,AWAY
Erzgebirge Aue,TSV 1860 Munchen,2025-09-27,2.0,0.0,HOME
Coventry City,Birmingham City,2025-09-27,3.0,0.0,HOME
Swansea City AFC,Millwall,2025-09-27,1.0,1.0,DRAW
USL Dunkerque,Amiens SC,2025-09-27,6.0,2.0,HOME
Brentford,Manchester Utd,2025-09-27,3.0,1.0,HOME
Karlsruher SC,1. FC Magdeburg,2025-09-27,1.0,0.0,HOME
SC Paderborn 07,1. FC Kaiserslautern,2025-09-27,2.0,0.0,HOME
MSV Duisburg,Ingolstadt 04,2025-09-27,2.0,1.0,HOME
Southampton,Middlesbrough,2025-09-27,1.0,1.0,DRAW
US Avellino,Virtus Entella,2025-09-27,2.0,0.0,HOME
Oxford United,Sheffield United,2025-09-27,0.0,1.0,AWAY
SV 07 Elversberg,Holstein Kiel,2025-09-27,1.0,0.0,HOME
Preston North End,Bristol City,2025-09-27,0.0,0.0,DRAW
Wrexham AFC,Derby County,2025-09-27,1.0,1.0,DRAW
Sheffield Wednesday,Queens Park Rangers,2025-09-27,1.0,1.0,DRAW
Cesena,Palermo,2025-09-27,1.0,1.0,DRAW
Mantova 1911 SSD,Frosinone Calcio,2025-09-27,1.0,5.0,AWAY
Sudtirol,Reggiana 1919,2025-09-27,3.0,1.0,HOME
Venezia,Spezia Calcio,2025-09-27,2.0,0.0,HOME
Como 1907,US Cremonese,2025-09-27,1.0,1.0,DRAW
Leeds United,AFC Bournemouth,2025-09-27,2.0,2.0,DRAW
Chelsea,Brighton,2025-09-27,1.0,3.0,AWAY
Manchester City,Burnley,2025-09-27,5.0,1.0,HOME
Ipswich Town,Portsmouth,2025-09-27,2.0,1.0,HOME
Crystal Palace,Liverpool,2025-09-27,2.0,1.0,HOME
1. FC Koln,Stuttgart,2025-09-28,1.0,2.0,AWAY
Real Valladolid,Cultural Leonesa,2025-09-28,0.0,1.0,AWAY
Lille OSC,Olympique Lyonnais,2025-09-28,0.0,1.0,AWAY
Angers SCO,Stade Brestois 29,2025-09-28,0.0,2.0,AWAY
Empoli,Carrarese Calcio,2025-09-28,2.0,2.0,DRAW
Sporting Gijon,Albacete,2025-09-28,3.0,4.0,AWAY
Barcelona,Real Sociedad de Futbol,2025-09-28,2.0,1.0,HOME
Milan,SSC Napoli,2025-09-28,2.0,1.0,HOME
Kayseri,Genclerbirligi,2025-09-28,1.0,1.0,DRAW
Modena,Delfino Pescara,2025-09-28,2.0,1.0,HOME
SD Huesca,Granada,2025-09-28,0.0,1.0,AWAY
Famalicão,Rio Ave,2025-09-28,0.0,0.0,DRAW
Stade Rennais FC 1901,Racing Club de Lens,2025-09-28,0.0,0.0,DRAW
Real Betis Balompie,CA Osasuna,2025-09-28,2.0,0.0,HOME
Metz,Le Havre,2025-09-28,0.0,0.0,DRAW
Viktoria Koln,VfL Osnabruck,2025-09-28,0.0,0.0,DRAW
Fenerbahce,Antalya,2025-09-28,2.0,0.0,HOME
US Lecce,Bologna FC 1909,2025-09-28,2.0,2.0,DRAW
1. FC Union Berlin,Hamburger SV,2025-09-28,0.0,0.0,DRAW
Sporting Clube de Braga,CD Nacional,2025-09-28,0.0,1.0,AWAY
Cadiz,AD Ceuta,2025-09-28,0.0,0.0,DRAW
Rayo Vallecano de Madrid,Sevilla,2025-09-28,0.0,1.0,AWAY
1. FC Nurnberg,Hertha BSC,2025-09-28,0.0,3.0,AWAY
Hannover 96,Arminia Bielefeld,2025-09-28,3.0,1.0,HOME
Real Sociedad B,Cordoba,2025-09-28,1.0,1.0,DRAW
Aston Villa,Fulham,2025-09-28,3.0,1.0,HOME
Jahn Regensburg,SC Verl,2025-09-28,2.0,0.0,HOME
Roma,Hellas Verona,2025-09-28,2.0,0.0,HOME
Alverca,Vitoria Guimarães,2025-09-28,2.0,0.0,HOME
Burgos,Malaga,2025-09-28,2.0,1.0,HOME
Preußen Munster,Eintracht Braunschweig,2025-09-28,3.0,1.0,HOME
SC Freiburg,TSG 1899 Hoffenheim,2025-09-28,1.0,1.0,DRAW
Hoffenheim II,SSV Ulm 1846,2025-09-28,1.0,1.0,DRAW
Konya,Basaksehir,2025-09-28,2.0,1.0,HOME
Rize,Kasimpasa,2025-09-28,1.0,2.0,AWAY
US Sassuolo Calcio,Udinese Calcio,2025-09-28,3.0,1.0,HOME
Pisa 1909,ACF Fiorentina,2025-09-28,0.0,0.0,DRAW
Elche,RC Celta de Vigo,2025-09-28,2.0,1.0,HOME
OGC Nice,Paris,2025-09-28,1.0,1.0,DRAW
Newcastle,Arsenal,2025-09-28,1.0,2.0,AWAY
US Boulogne,Red Star,2025-09-29,1.0,2.0,AWAY
Everton,West Ham,2025-09-29,1.0,1.0,DRAW
Arouca,Porto,2025-09-29,0.0,4.0,AWAY
Genoa CFC,SS Lazio,2025-09-29,0.0,3.0,AWAY
Parma Calcio 1913,Torino,2025-09-29,2.0,1.0,HOME
CD Leganes,CD Castellon,2025-09-29,0.0,1.0,AWAY
Besiktas,Kocaelispor,2025-09-29,3.0,1.0,HOME
Reggiana 1919,Spezia Calcio,2025-09-30,1.0,1.0,DRAW
Valencia,Real Oviedo,2025-09-30,1.0,2.0,AWAY
Derby County,Charlton Athletic,2025-09-30,1.0,1.0,DRAW
Sheffield United,Southampton,2025-09-30,1.0,2.0,AWAY
Middlesbrough,Stoke City,2025-09-30,0.0,0.0,DRAW
Leicester,Wrexham AFC,2025-09-30,1.0,1.0,DRAW
Hull City AFC,Preston North End,2025-09-30,2.0,2.0,DRAW
Bristol City,Ipswich Town,2025-09-30,1.0,1.0,DRAW
Blackburn Rovers,Swansea City AFC,2025-09-30,1.0,2.0,AWAY
Birmingham City,Sheffield Wednesday,2025-09-30,2.0,2.0,DRAW
Juve Stabia,Mantova 1911 SSD,2025-09-30,2.0,1.0,HOME
Frosinone Calcio,Cesena,2025-09-30,3.0,1.0,HOME
Virtus Entella,SSC Bari,2025-09-30,2.0,2.0,DRAW
Alemannia Aachen,Erzgebirge Aue,2025-09-30,0.0,1.0,AWAY
TSV Havelse,Waldhof Mannheim,2025-09-30,2.0,3.0,AWAY
Hansa Rostock,Energie Cottbus,2025-09-30,1.0,3.0,AWAY
VfB Stuttgart II,SV Wehen Wiesbaden,2025-09-30,0.0,0.0,DRAW
1. FC Saarbrucken,MSV Duisburg,2025-09-30,0.0,0.0,DRAW
Palermo,Venezia,2025-09-30,0.0,0.0,DRAW
Calcio Padova,US Avellino,2025-09-30,2.0,2.0,DRAW
Empoli,Monza,2025-10-01,1.0,1.0,DRAW
Queens Park Rangers,Oxford United,2025-10-01,0.0,0.0,DRAW
Portsmouth,Watford,2025-10-01,2.0,2.0,DRAW
Norwich City,West Bromwich Albion,2025-10-01,0.0,1.0,AWAY
Millwall,Coventry City,2025-10-01,0.0,4.0,AWAY
Sampdoria,US Catanzaro,2025-10-01,0.0,0.0,DRAW
SC Verl,Ingolstadt 04,2025-10-01,2.0,2.0,DRAW
TSV 1860 Munchen,Viktoria Koln,2025-10-01,2.0,2.0,DRAW
Rot-Weiss Essen,Hoffenheim II,2025-10-01,3.0,1.0,HOME
VfL Osnabruck,Jahn Regensburg,2025-10-01,2.0,0.0,HOME
SSV Ulm 1846,1. FC Schweinfurt 05,2025-10-01,5.0,1.0,HOME
Carrarese Calcio,Modena,2025-10-01,0.0,0.0,DRAW
Delfino Pescara,Sudtirol,2025-10-01,1.0,1.0,DRAW
AD Ceuta,SD Eibar,2025-10-03,1.0,0.0,HOME
Paris,Lorient,2025-10-03,2.0,0.0,HOME
Hellas Verona,US Sassuolo Calcio,2025-10-03,0.0,1.0,AWAY
TSG 1899 Hoffenheim,1. FC Koln,2025-10-03,0.0,1.0,AWAY
Casa Pia,GD Estoril Praia,2025-10-03,2.0,2.0,DRAW
CA Osasuna,Getafe,2025-10-03,2.0,1.0,HOME
AFC Bournemouth,Fulham,2025-10-03,3.0,1.0,HOME
SC Bastia,USL Dunkerque,2025-10-03,0.0,0.0,DRAW
Trabzon,Kayseri,2025-10-03,4.0,0.0,HOME
MSV Duisburg,Hansa Rostock,2025-10-03,2.0,2.0,DRAW
Wrexham AFC,Birmingham City,2025-10-03,1.0,1.0,DRAW
Pau,Clermont Foot 63,2025-10-03,3.0,1.0,HOME
Antalya,Rize,2025-10-03,2.0,5.0,AWAY
EA Guingamp,Nancy Lorraine,2025-10-03,2.0,2.0,DRAW
Eintracht Braunschweig,SC Paderborn 07,2025-10-03,1.0,2.0,AWAY
Fortuna Dusseldorf,1. FC Nurnberg,2025-10-03,2.0,3.0,AWAY
Amiens SC,US Boulogne,2025-10-03,0.0,1.0,AWAY
Le Mans,ESTAC Troyes,2025-10-03,2.0,2.0,DRAW
Annecy,Stade Lavallois,2025-10-03,0.0,0.0,DRAW
SD Huesca,Burgos,2025-10-04,2.0,1.0,HOME
Augsburg,VfL Wolfsburg,2025-10-04,3.0,1.0,HOME
Andorra,CD Leganes,2025-10-04,1.0,2.0,AWAY
Energie Cottbus,Alemannia Aachen,2025-10-04,3.0,2.0,HOME
Gil Vicente,CF Estrela da Amadora,2025-10-04,2.0,0.0,HOME
Dortmund,Leipzig,2025-10-04,1.0,1.0,DRAW
Kocaelispor,Eyup,2025-10-04,1.0,0.0,HOME
Leverkusen,1. FC Union Berlin,2025-10-04,2.0,0.0,HOME
CD Nacional,Moreirense,2025-10-04,3.0,2.0,HOME
Parma Calcio 1913,US Lecce,2025-10-04,0.0,1.0,AWAY
Girona,Valencia,2025-10-04,2.0,1.0,HOME
Spezia Calcio,Palermo,2025-10-04,1.0,2.0,AWAY
SV Werder Bremen,St. Pauli 1910,2025-10-04,1.0,0.0,HOME
AVS,Alverca,2025-10-04,1.0,3.0,AWAY
Holstein Kiel,SV Darmstadt 98,2025-10-04,1.0,1.0,DRAW
Deportivo La Coruña,UD Almeria,2025-10-04,1.0,1.0,DRAW
AJ Auxerre,Racing Club de Lens,2025-10-04,1.0,2.0,AWAY
Vitoria Guimarães,CD Santa Clara,2025-10-04,2.0,1.0,HOME
Granada,Real Sociedad B,2025-10-04,5.0,2.0,HOME
Dynamo Dresden,Karlsruher SC,2025-10-04,3.0,3.0,DRAW
Real Madrid,Villarreal,2025-10-04,3.0,1.0,HOME
Montpellier HSC,Saint-Étienne,2025-10-04,0.0,2.0,AWAY
Stade Brestois 29,Nantes,2025-10-04,0.0,0.0,DRAW
Frankfurt,Bayern Munchen,2025-10-04,0.0,3.0,AWAY
Athletic Club,RCD Mallorca,2025-10-04,2.0,1.0,HOME
Cesena,Reggiana 1919,2025-10-04,1.0,2.0,AWAY
Galatasaray,Besiktas,2025-10-04,1.0,1.0,DRAW
Metz,Olympique de Marseille,2025-10-04,0.0,3.0,AWAY
Atalanta BC,Como 1907,2025-10-04,1.0,1.0,DRAW
Chelsea,Liverpool,2025-10-04,2.0,1.0,HOME
Red Star,Rodez AF,2025-10-04,1.0,1.0,DRAW
Hull City AFC,Sheffield United,2025-10-04,1.0,0.0,HOME
Jahn Regensburg,1. FC Saarbrucken,2025-10-04,1.0,1.0,DRAW
Viktoria Koln,TSV Havelse,2025-10-04,4.0,1.0,HOME
Ingolstadt 04,SSV Ulm 1846,2025-10-04,4.0,1.0,HOME
1. FC Kaiserslautern,VfL Bochum,2025-10-04,3.0,2.0,HOME
Sheffield Wednesday,Coventry City,2025-10-04,0.0,5.0,AWAY
Blackburn Rovers,Stoke City,2025-10-04,1.0,1.0,DRAW
Hertha BSC,Preußen Munster,2025-10-04,2.0,1.0,HOME
Stade de Reims,Grenoble Foot 38,2025-10-04,2.0,4.0,AWAY
1. FC Schweinfurt 05,SC Verl,2025-10-04,1.0,2.0,AWAY
Waldhof Mannheim,VfL Osnabruck,2025-10-04,1.0,4.0,AWAY
Leeds United,Tottenham,2025-10-04,1.0,2.0,AWAY
Derby County,Southampton,2025-10-04,1.0,1.0,DRAW
Genclerbirligi,Alanya,2025-10-04,2.0,2.0,DRAW
Internazionale Milano,US Cremonese,2025-10-04,4.0,1.0,HOME
Portsmouth,Middlesbrough,2025-10-04,1.0,0.0,HOME
Preston North End,Charlton Athletic,2025-10-04,2.0,0.0,HOME
Arsenal,West Ham,2025-10-04,2.0,0.0,HOME
US Avellino,Mantova 1911 SSD,2025-10-04,0.0,0.0,DRAW
Real Oviedo,Levante UD,2025-10-04,0.0,2.0,AWAY
SSC Bari,Calcio Padova,2025-10-04,2.0,1.0,HOME
Monza,US Catanzaro,2025-10-04,2.0,1.0,HOME
Bristol City,Queens Park Rangers,2025-10-04,1.0,2.0,AWAY
Watford,Oxford United,2025-10-04,2.0,1.0,HOME
Millwall,West Bromwich Albion,2025-10-04,3.0,0.0,HOME
SS Lazio,Torino,2025-10-04,3.0,3.0,DRAW
Manchester Utd,Sunderland AFC,2025-10-04,2.0,0.0,HOME
Swansea City AFC,Leicester,2025-10-04,1.0,3.0,AWAY
Venezia,Frosinone Calcio,2025-10-04,3.0,0.0,HOME
RC Strasbourg Alsace,Angers SCO,2025-10-05,5.0,0.0,HOME
RCD Espanyol de Barcelona,Real Betis Balompie,2025-10-05,1.0,2.0,AWAY
Le Havre,Stade Rennais FC 1901,2025-10-05,2.0,2.0,DRAW
Monaco,OGC Nice,2025-10-05,2.0,2.0,DRAW
Racing Santander,Malaga,2025-10-05,3.0,0.0,HOME
Hamburger SV,1. FSV Mainz 05,2025-10-05,4.0,0.0,HOME
Rio Ave,CD Tondela,2025-10-05,3.0,0.0,HOME
Real Valladolid,CD Mirandes,2025-10-05,1.0,1.0,DRAW
SSC Napoli,Genoa CFC,2025-10-05,2.0,1.0,HOME
Modena,Virtus Entella,2025-10-05,2.0,0.0,HOME
Juventus,Milan,2025-10-05,0.0,0.0,DRAW
Samsun,Fenerbahce,2025-10-05,0.0,0.0,DRAW
Goztepe,Basaksehir,2025-10-05,1.0,0.0,HOME
Sporting Clube de Portugal,Sporting Clube de Braga,2025-10-05,1.0,1.0,DRAW
Monchengladbach,SC Freiburg,2025-10-05,0.0,0.0,DRAW
Sevilla,Barcelona,2025-10-05,4.0,1.0,HOME
Lille OSC,Paris Saint-Germain,2025-10-05,1.0,1.0,DRAW
RC Celta de Vigo,Club Atletico de Madrid,2025-10-05,1.0,1.0,DRAW
Porto,Sport Lisboa e Benfica,2025-10-05,0.0,0.0,DRAW
Brentford,Manchester City,2025-10-05,0.0,1.0,AWAY
UD Las Palmas,Cadiz,2025-10-05,1.0,0.0,HOME
Real Sociedad de Futbol,Rayo Vallecano de Madrid,2025-10-05,0.0,1.0,AWAY
Hoffenheim II,VfB Stuttgart II,2025-10-05,1.0,3.0,AWAY
SV Wehen Wiesbaden,TSV 1860 Munchen,2025-10-05,1.0,0.0,HOME
CD Castellon,Sporting Gijon,2025-10-05,3.0,1.0,HOME
Ipswich Town,Norwich City,2025-10-05,3.0,1.0,HOME
Aston Villa,Burnley,2025-10-05,2.0,1.0,HOME
Udinese Calcio,Cagliari Calcio,2025-10-05,1.0,1.0,DRAW
Sampdoria,Delfino Pescara,2025-10-05,4.0,1.0,HOME
Erzgebirge Aue,Rot-Weiss Essen,2025-10-05,2.0,2.0,DRAW
SpVgg Greuther Furth,Hannover 96,2025-10-05,2.0,2.0,DRAW
Arminia Bielefeld,Schalke,2025-10-05,1.0,2.0,AWAY
ACF Fiorentina,Roma,2025-10-05,1.0,2.0,AWAY
Kasimpasa,Konya,2025-10-05,1.0,1.0,DRAW
Carrarese Calcio,Juve Stabia,2025-10-05,3.0,0.0,HOME
Real Zaragoza,Cordoba,2025-10-05,0.0,1.0,AWAY
1. FC Magdeburg,SV 07 Elversberg,2025-10-05,0.0,4.0,AWAY
Deportivo Alaves,Elche,2025-10-05,3.0,1.0,HOME
Olympique Lyonnais,Toulouse,2025-10-05,1.0,2.0,AWAY
Stuttgart,1. FC Heidenheim 1846,2025-10-05,1.0,0.0,HOME
Everton,Crystal Palace,2025-10-05,2.0,1.0,HOME
Karagumruk,Gaziantep,2025-10-05,0.0,2.0,AWAY
Arouca,Famalicão,2025-10-05,1.0,1.0,DRAW
Sudtirol,Empoli,2025-10-05,1.0,2.0,AWAY
Wolves,Brighton,2025-10-05,1.0,1.0,DRAW
Bologna FC 1909,Pisa 1909,2025-10-05,4.0,0.0,HOME
Newcastle,Nottingham Forest,2025-10-05,2.0,0.0,HOME
Cultural Leonesa,Albacete,2025-10-06,0.0,0.0,DRAW
Granada,UD Las Palmas,2025-10-10,0.0,0.0,DRAW
CD Mirandes,CD Leganes,2025-10-11,0.0,0.0,DRAW
Real Sociedad B,Andorra,2025-10-11,3.0,0.0,HOME
UD Almeria,Real Zaragoza,2025-10-11,4.0,2.0,HOME
Cadiz,SD Huesca,2025-10-12,1.0,0.0,HOME
Malaga,Deportivo La Coruña,2025-10-12,3.0,0.0,HOME
Burgos,Real Valladolid,2025-10-12,0.0,1.0,AWAY
SD Eibar,CD Castellon,2025-10-12,0.0,0.0,DRAW
Albacete,AD Ceuta,2025-10-12,0.0,0.0,DRAW
Sporting Gijon,Racing Santander,2025-10-12,2.0,1.0,HOME
Cordoba,Cultural Leonesa,2025-10-13,1.0,0.0,HOME
Virtus Entella,Sampdoria,2025-10-17,3.0,1.0,HOME
Paris Saint-Germain,RC Strasbourg Alsace,2025-10-17,3.0,3.0,DRAW
1. FC Union Berlin,Monchengladbach,2025-10-17,3.0,1.0,HOME
Rodez AF,Stade de Reims,2025-10-17,2.0,2.0,DRAW
Andorra,Granada,2025-10-17,0.0,0.0,DRAW
Middlesbrough,Ipswich Town,2025-10-17,2.0,1.0,HOME
Real Oviedo,RCD Espanyol de Barcelona,2025-10-17,0.0,2.0,AWAY
Clermont Foot 63,Annecy,2025-10-17,0.0,1.0,AWAY
US Boulogne,EA Guingamp,2025-10-17,2.0,2.0,DRAW
Erzgebirge Aue,Waldhof Mannheim,2025-10-17,0.0,2.0,AWAY
Fortuna Dusseldorf,Eintracht Braunschweig,2025-10-17,1.0,2.0,AWAY
Grenoble Foot 38,Pau,2025-10-17,1.0,1.0,DRAW
ESTAC Troyes,SC Bastia,2025-10-17,1.0,0.0,HOME
Hannover 96,Schalke,2025-10-17,0.0,3.0,AWAY
West Bromwich Albion,Preston North End,2025-10-18,2.0,1.0,HOME
US Lecce,US Sassuolo Calcio,2025-10-18,0.0,0.0,DRAW
AD Ceuta,CD Mirandes,2025-10-18,2.0,0.0,HOME
Barcelona,Girona,2025-10-18,2.0,1.0,HOME
Leipzig,Hamburger SV,2025-10-18,2.0,1.0,HOME
Juve Stabia,US Avellino,2025-10-18,2.0,0.0,HOME
1. FSV Mainz 05,Leverkusen,2025-10-18,3.0,4.0,AWAY
1. FC Koln,Augsburg,2025-10-18,1.0,1.0,DRAW
Besiktas,Genclerbirligi,2025-10-18,1.0,2.0,AWAY
Rize,Trabzon,2025-10-18,1.0,2.0,AWAY
VfL Wolfsburg,Stuttgart,2025-10-18,0.0,3.0,AWAY
Rot-Weiss Essen,Viktoria Koln,2025-10-18,1.0,0.0,HOME
OGC Nice,Olympique Lyonnais,2025-10-18,3.0,2.0,HOME
Club Atletico de Madrid,CA Osasuna,2025-10-18,1.0,0.0,HOME
Torino,SSC Napoli,2025-10-18,1.0,0.0,HOME
Real Zaragoza,Cultural Leonesa,2025-10-18,0.0,5.0,AWAY
Fulham,Arsenal,2025-10-18,0.0,1.0,AWAY
Olympique de Marseille,Le Havre,2025-10-18,6.0,2.0,HOME
Roma,Internazionale Milano,2025-10-18,0.0,1.0,AWAY
Leicester,Portsmouth,2025-10-18,1.0,1.0,DRAW
VfL Bochum,Hertha BSC,2025-10-18,3.0,2.0,HOME
Sheffield United,Watford,2025-10-18,1.0,0.0,HOME
Saint-Étienne,Le Mans,2025-10-18,2.0,3.0,AWAY
Angers SCO,Monaco,2025-10-18,1.0,1.0,DRAW
Bayern Munchen,Dortmund,2025-10-18,2.0,1.0,HOME
Villarreal,Real Betis Balompie,2025-10-18,2.0,2.0,DRAW
Spezia Calcio,Cesena,2025-10-18,1.0,2.0,AWAY
Basaksehir,alatasaray,2025-10-18,1.0,2.0,AWAY
1. FC Heidenheim 1846,SV Werder Bremen,2025-10-18,2.0,2.0,DRAW
Stoke City,Wrexham AFC,2025-10-18,1.0,0.0,HOME
Delfino Pescara,Carrarese Calcio,2025-10-18,2.0,2.0,DRAW
Queens Park Rangers,Millwall,2025-10-18,1.0,2.0,AWAY
Alemannia Aachen,Ingolstadt 04,2025-10-18,0.0,1.0,AWAY
Hansa Rostock,SV Wehen Wiesbaden,2025-10-18,3.0,0.0,HOME
VfL Osnabruck,Hoffenheim II,2025-10-18,0.0,4.0,AWAY
VfB Stuttgart II,1. FC Schweinfurt 05,2025-10-18,3.0,0.0,HOME
Stade Lavallois,Red Star,2025-10-18,0.0,1.0,AWAY
Norwich City,Bristol City,2025-10-18,0.0,1.0,AWAY
Southampton,Swansea City AFC,2025-10-18,0.0,0.0,DRAW
USL Dunkerque,Montpellier HSC,2025-10-18,0.0,1.0,AWAY
Oxford United,Derby County,2025-10-18,1.0,0.0,HOME
Nottingham Forest,Chelsea,2025-10-18,0.0,3.0,AWAY
Coventry City,Blackburn Rovers,2025-10-18,2.0,0.0,HOME
Karlsruher SC,1. FC Kaiserslautern,2025-10-18,2.0,3.0,AWAY
1. FC Saarbrucken,SC Verl,2025-10-18,2.0,4.0,AWAY
Preußen Munster,Dynamo Dresden,2025-10-18,2.0,2.0,DRAW
Konya,Kocaelispor,2025-10-18,2.0,3.0,AWAY
SC Paderborn 07,Arminia Bielefeld,2025-10-18,4.0,3.0,HOME
Sevilla,RCD Mallorca,2025-10-18,1.0,3.0,AWAY
Birmingham City,Hull City AFC,2025-10-18,2.0,3.0,AWAY
Reggiana 1919,SSC Bari,2025-10-18,3.0,1.0,HOME
Brighton,Newcastle,2025-10-18,2.0,1.0,HOME
Manchester City,Everton,2025-10-18,2.0,0.0,HOME
Mantova 1911 SSD,Sudtirol,2025-10-18,1.0,1.0,DRAW
Crystal Palace,AFC Bournemouth,2025-10-18,3.0,3.0,DRAW
Burnley,Leeds United,2025-10-18,2.0,0.0,HOME
Sunderland AFC,Wolves,2025-10-18,2.0,0.0,HOME
Charlton Athletic,Sheffield Wednesday,2025-10-18,2.0,1.0,HOME
Frosinone Calcio,Monza,2025-10-18,0.0,1.0,AWAY
Pisa 1909,Hellas Verona,2025-10-18,0.0,0.0,DRAW
Cordoba,UD Almeria,2025-10-19,1.0,1.0,DRAW
St. Pauli 1910,TSG 1899 Hoffenheim,2025-10-19,0.0,3.0,AWAY
Liverpool,Manchester Utd,2025-10-19,1.0,2.0,AWAY
Lorient,Stade Brestois 29,2025-10-19,3.0,3.0,DRAW
Toulouse,Metz,2025-10-19,4.0,0.0,HOME
Racing Santander,Deportivo La Coruña,2025-10-19,2.0,1.0,HOME
Milan,ACF Fiorentina,2025-10-19,2.0,1.0,HOME
RC Celta de Vigo,Real Sociedad de Futbol,2025-10-19,1.0,1.0,DRAW
Levante UD,Rayo Vallecano de Madrid,2025-10-19,0.0,3.0,AWAY
TSV Havelse,Jahn Regensburg,2025-10-19,1.0,2.0,AWAY
Fenerbahce,Karagumruk,2025-10-19,2.0,1.0,HOME
UD Las Palmas,SD Eibar,2025-10-19,3.0,1.0,HOME
Nantes,Lille OSC,2025-10-19,0.0,2.0,AWAY
Empoli,Venezia,2025-10-19,1.0,1.0,DRAW
Atalanta BC,SS Lazio,2025-10-19,0.0,0.0,DRAW
Stade Rennais FC 1901,AJ Auxerre,2025-10-19,2.0,2.0,DRAW
US Catanzaro,Calcio Padova,2025-10-19,0.0,1.0,AWAY
Gaziantep,Antalya,2025-10-19,3.0,2.0,HOME
Real Valladolid,Sporting Gijon,2025-10-19,2.0,3.0,AWAY
TSV 1860 Munchen,MSV Duisburg,2025-10-19,3.0,1.0,HOME
Kayseri,Samsun,2025-10-19,1.0,3.0,AWAY
Como 1907,Juventus,2025-10-19,2.0,0.0,HOME
SV 07 Elversberg,SpVgg Greuther Furth,2025-10-19,6.0,0.0,HOME
SSV Ulm 1846,Energie Cottbus,2025-10-19,1.0,2.0,AWAY
1. FC Nurnberg,Holstein Kiel,2025-10-19,1.0,1.0,DRAW
SV Darmstadt 98,1. FC Magdeburg,2025-10-19,0.0,0.0,DRAW
CD Leganes,Malaga,2025-10-19,2.0,0.0,HOME
Tottenham,Aston Villa,2025-10-19,1.0,2.0,AWAY
CD Castellon,Albacete,2025-10-19,0.0,1.0,AWAY
Elche,Athletic Club,2025-10-19,0.0,0.0,DRAW
SC Freiburg,Frankfurt,2025-10-19,2.0,2.0,DRAW
Cagliari Calcio,Bologna FC 1909,2025-10-19,0.0,2.0,AWAY
Racing Club de Lens,Paris,2025-10-19,2.0,1.0,HOME
Genoa CFC,Parma Calcio 1913,2025-10-19,0.0,0.0,DRAW
Getafe,Real Madrid,2025-10-19,0.0,1.0,AWAY
Alanya,Goztepe,2025-10-19,1.0,0.0,HOME
Palermo,Modena,2025-10-19,1.0,1.0,DRAW
US Cremonese,Udinese Calcio,2025-10-20,1.0,1.0,DRAW
West Ham,Brentford,2025-10-20,0.0,2.0,AWAY
Deportivo Alaves,Valencia,2025-10-20,0.0,0.0,DRAW
Cadiz,Burgos,2025-10-20,1.0,3.0,AWAY
Eyup,Kasimpasa,2025-10-20,2.0,0.0,HOME
Nancy Lorraine,Amiens SC,2025-10-20,0.0,1.0,AWAY
Blackburn Rovers,Sheffield United,2025-10-21,1.0,3.0,AWAY
Derby County,Norwich City,2025-10-21,1.0,0.0,HOME
Hull City AFC,Leicester,2025-10-21,2.0,1.0,HOME
Ipswich Town,Charlton Athletic,2025-10-21,0.0,3.0,AWAY
Millwall,Stoke City,2025-10-21,2.0,0.0,HOME
Portsmouth,Coventry City,2025-10-21,1.0,2.0,AWAY
Preston North End,Birmingham City,2025-10-21,0.0,1.0,AWAY
Bristol City,Southampton,2025-10-21,3.0,1.0,HOME
Watford,West Bromwich Albion,2025-10-22,2.0,1.0,HOME
Sheffield Wednesday,Middlesbrough,2025-10-22,0.0,1.0,AWAY
Wrexham AFC,Oxford United,2025-10-22,1.0,0.0,HOME
Konya,Besiktas,2025-10-22,0.0,2.0,AWAY
Swansea City AFC,Queens Park Rangers,2025-10-22,0.0,1.0,AWAY
Rize,Basaksehir,2025-10-22,0.0,0.0,DRAW
Leeds United,West Ham,2025-10-24,2.0,1.0,HOME
SD Huesca,UD Las Palmas,2025-10-24,1.0,1.0,DRAW
Real Sociedad de Futbol,Sevilla,2025-10-24,2.0,1.0,HOME
Paris,Nantes,2025-10-24,1.0,2.0,AWAY
Milan,Pisa 1909,2025-10-24,2.0,2.0,DRAW
SV Werder Bremen,1. FC Union Berlin,2025-10-24,1.0,0.0,HOME
Modena,Empoli,2025-10-24,2.0,1.0,HOME
Preston North End,Sheffield United,2025-10-24,3.0,2.0,HOME
Alverca,Gil Vicente,2025-10-24,0.0,4.0,AWAY
Karagumruk,Kayseri,2025-10-24,2.0,2.0,DRAW
Red Star,Grenoble Foot 38,2025-10-24,1.0,0.0,HOME
Stade de Reims,ESTAC Troyes,2025-10-24,0.0,0.0,DRAW
Pau,USL Dunkerque,2025-10-24,0.0,3.0,AWAY
EA Guingamp,Clermont Foot 63,2025-10-24,0.0,1.0,AWAY
SV Wehen Wiesbaden,Alemannia Aachen,2025-10-24,1.0,2.0,AWAY
Schalke,SV Darmstadt 98,2025-10-24,1.0,0.0,HOME
SpVgg Greuther Furth,Karlsruher SC,2025-10-24,1.0,4.0,AWAY
Le Mans,US Boulogne,2025-10-24,1.0,0.0,HOME
Kocaelispor,Alanya,2025-10-25,2.0,0.0,HOME
SD Eibar,CD Leganes,2025-10-25,0.0,0.0,DRAW
Frankfurt,St. Pauli 1910,2025-10-25,2.0,0.0,HOME
1. FC Schweinfurt 05,VfL Osnabruck,2025-10-25,1.0,2.0,AWAY
Granada,Cadiz,2025-10-25,0.0,0.0,DRAW
Stade Brestois 29,Paris Saint-Germain,2025-10-25,0.0,3.0,AWAY
Monchengladbach,Bayern Munchen,2025-10-25,0.0,3.0,AWAY
RCD Espanyol de Barcelona,Elche,2025-10-25,1.0,0.0,HOME
SSC Napoli,Internazionale Milano,2025-10-25,3.0,1.0,HOME
Manchester Utd,Brighton,2025-10-25,4.0,2.0,HOME
Burgos,Real Sociedad B,2025-10-25,1.0,0.0,HOME
Udinese Calcio,US Lecce,2025-10-25,3.0,2.0,HOME
TSG 1899 Hoffenheim,1. FC Heidenheim 1846,2025-10-25,3.0,1.0,HOME
Dortmund,1. FC Koln,2025-10-25,1.0,0.0,HOME
Racing Club de Lens,Olympique de Marseille,2025-10-25,2.0,1.0,HOME
US Catanzaro,Palermo,2025-10-25,1.0,0.0,HOME
Albacete,Cordoba,2025-10-25,1.0,3.0,AWAY
Valencia,Villarreal,2025-10-25,0.0,2.0,AWAY
US Cremonese,Atalanta BC,2025-10-25,1.0,1.0,DRAW
CF Estrela da Amadora,Rio Ave,2025-10-25,1.0,2.0,AWAY
CD Mirandes,Racing Santander,2025-10-25,1.0,3.0,AWAY
Sport Lisboa e Benfica,Arouca,2025-10-25,5.0,0.0,HOME
Hertha BSC,Fortuna Dusseldorf,2025-10-25,1.0,0.0,HOME
Trabzon,Eyup,2025-10-25,2.0,0.0,HOME
Annecy,Saint-Étienne,2025-10-25,4.0,0.0,HOME
Monaco,Toulouse,2025-10-25,1.0,0.0,HOME
Athletic Club,Getafe,2025-10-25,0.0,1.0,AWAY
Brentford,Liverpool,2025-10-25,3.0,2.0,HOME
CD Santa Clara,AVS,2025-10-25,2.0,0.0,HOME
Augsburg,Leipzig,2025-10-25,0.0,6.0,AWAY
Portsmouth,Stoke City,2025-10-25,0.0,1.0,AWAY
Carrarese Calcio,Venezia,2025-10-25,3.0,2.0,HOME
Virtus Entella,Delfino Pescara,2025-10-25,1.0,1.0,DRAW
SC Verl,SSV Ulm 1846,2025-10-25,5.0,0.0,HOME
Jahn Regensburg,VfB Stuttgart II,2025-10-25,3.0,2.0,HOME
Energie Cottbus,TSV Havelse,2025-10-25,4.0,3.0,HOME
Ingolstadt 04,1. FC Saarbrucken,2025-10-25,2.0,1.0,HOME
Montpellier HSC,Nancy Lorraine,2025-10-25,4.0,1.0,HOME
Cultural Leonesa,AD Ceuta,2025-10-25,0.0,1.0,AWAY
Ipswich Town,West Bromwich Albion,2025-10-25,1.0,0.0,HOME
Amiens SC,Rodez AF,2025-10-25,2.0,1.0,HOME
Dynamo Dresden,SC Paderborn 07,2025-10-25,1.0,2.0,AWAY
Arminia Bielefeld,SV 07 Elversberg,2025-10-25,2.0,0.0,HOME
Holstein Kiel,VfL Bochum,2025-10-25,1.0,1.0,DRAW
Waldhof Mannheim,TSV 1860 Munchen,2025-10-25,3.0,1.0,HOME
US Avellino,Spezia Calcio,2025-10-25,0.0,4.0,AWAY
Middlesbrough,Wrexham AFC,2025-10-25,1.0,1.0,DRAW
Coventry City,Watford,2025-10-25,3.0,1.0,HOME
Millwall,Leicester,2025-10-25,1.0,0.0,HOME
Girona,Real Oviedo,2025-10-25,3.0,3.0,DRAW
Sheffield Wednesday,Oxford United,2025-10-25,1.0,2.0,AWAY
Newcastle,Fulham,2025-10-25,2.0,1.0,HOME
Monza,Reggiana 1919,2025-10-25,3.0,1.0,HOME
Sampdoria,Frosinone Calcio,2025-10-25,1.0,1.0,DRAW
Sudtirol,Cesena,2025-10-25,0.0,1.0,AWAY
Hamburger SV,VfL Wolfsburg,2025-10-25,0.0,1.0,AWAY
Blackburn Rovers,Southampton,2025-10-25,2.0,1.0,HOME
Parma Calcio 1913,Como 1907,2025-10-25,0.0,0.0,DRAW
Swansea City AFC,Norwich City,2025-10-25,2.0,1.0,HOME
Bristol City,Birmingham City,2025-10-25,1.0,0.0,HOME
Derby County,Queens Park Rangers,2025-10-25,1.0,0.0,HOME
Hull City AFC,Charlton Athletic,2025-10-25,1.0,1.0,DRAW
Chelsea,Sunderland AFC,2025-10-25,1.0,2.0,AWAY
CA Osasuna,RC Celta de Vigo,2025-10-26,2.0,3.0,AWAY
Rayo Vallecano de Madrid,Deportivo Alaves,2025-10-26,1.0,0.0,HOME
SSC Bari,Mantova 1911 SSD,2025-10-26,1.0,0.0,HOME
Real Madrid,Barcelona,2025-10-26,2.0,1.0,HOME
Sporting Clube de Braga,Casa Pia,2025-10-26,4.0,0.0,HOME
AJ Auxerre,Le Havre,2025-10-26,0.0,1.0,AWAY
Angers SCO,Lorient,2025-10-26,2.0,0.0,HOME
Stade Rennais FC 1901,OGC Nice,2025-10-26,1.0,2.0,AWAY
Sporting Gijon,Real Zaragoza,2025-10-26,1.0,0.0,HOME
CD Tondela,Sporting Clube de Portugal,2025-10-26,0.0,3.0,AWAY
Everton,Tottenham,2025-10-26,0.0,3.0,AWAY
ACF Fiorentina,Bologna FC 1909,2025-10-26,2.0,2.0,DRAW
MSV Duisburg,Rot-Weiss Essen,2025-10-26,1.0,1.0,DRAW
Kasimpasa,Besiktas,2025-10-26,1.0,1.0,DRAW
Deportivo La Coruña,Real Valladolid,2025-10-26,1.0,1.0,DRAW
Olympique Lyonnais,RC Strasbourg Alsace,2025-10-26,2.0,1.0,HOME
Genclerbirligi,Konya,2025-10-26,1.0,2.0,AWAY
UD Almeria,CD Castellon,2025-10-26,1.0,0.0,HOME
Stuttgart,1. FSV Mainz 05,2025-10-26,2.0,1.0,HOME
SS Lazio,Juventus,2025-10-26,1.0,0.0,HOME
Famalicão,Vitoria Guimarães,2025-10-26,2.0,0.0,HOME
1. FC Kaiserslautern,1. FC Nurnberg,2025-10-26,1.0,1.0,DRAW
Antalya,Basaksehir,2025-10-26,0.0,4.0,AWAY
Galatasaray,Goztepe,2025-10-26,3.0,1.0,HOME
AFC Bournemouth,Nottingham Forest,2025-10-26,2.0,0.0,HOME
Torino,Genoa CFC,2025-10-26,2.0,1.0,HOME
Hoffenheim II,Erzgebirge Aue,2025-10-26,1.0,1.0,DRAW
Eintracht Braunschweig,Hannover 96,2025-10-26,0.0,3.0,AWAY
Malaga,Andorra,2025-10-26,4.0,1.0,HOME
Calcio Padova,Juve Stabia,2025-10-26,2.0,2.0,DRAW
Lille OSC,Metz,2025-10-26,6.0,1.0,HOME
1. FC Magdeburg,Preußen Munster,2025-10-26,2.0,0.0,HOME
Arsenal,Crystal Palace,2025-10-26,1.0,0.0,HOME
Wolves,Burnley,2025-10-26,2.0,3.0,AWAY
Hellas Verona,Cagliari Calcio,2025-10-26,2.0,2.0,DRAW
Viktoria Koln,Hansa Rostock,2025-10-26,2.0,4.0,AWAY
GD Estoril Praia,CD Nacional,2025-10-26,1.0,1.0,DRAW
RCD Mallorca,Levante UD,2025-10-26,1.0,1.0,DRAW
US Sassuolo Calcio,Roma,2025-10-26,0.0,1.0,AWAY
Leverkusen,SC Freiburg,2025-10-26,2.0,0.0,HOME
Aston Villa,Manchester City,2025-10-26,1.0,0.0,HOME
Real Betis Balompie,Club Atletico de Madrid,2025-10-27,0.0,2.0,AWAY
Moreirense,Porto,2025-10-27,1.0,2.0,AWAY
Gaziantep,Fenerbahce,2025-10-27,0.0,4.0,AWAY
Samsun,Rize,2025-10-27,1.0,1.0,DRAW
Saint-Étienne,Pau,2025-10-28,6.0,0.0,HOME
Grenoble Foot 38,EA Guingamp,2025-10-28,0.0,0.0,DRAW
Atalanta BC,Milan,2025-10-28,1.0,1.0,DRAW
Clermont Foot 63,Montpellier HSC,2025-10-28,1.0,1.0,DRAW
USL Dunkerque,Red Star,2025-10-28,3.0,0.0,HOME
Stade Lavallois,Le Mans,2025-10-28,1.0,1.0,DRAW
Rodez AF,Annecy,2025-10-28,2.0,1.0,HOME
ESTAC Troyes,Amiens SC,2025-10-28,3.0,1.0,HOME
Nancy Lorraine,SC Bastia,2025-10-28,2.0,0.0,HOME
US Lecce,SSC Napoli,2025-10-28,0.0,1.0,AWAY
Delfino Pescara,US Avellino,2025-10-28,1.0,1.0,DRAW
Palermo,Monza,2025-10-28,0.0,3.0,AWAY
Frosinone Calcio,Virtus Entella,2025-10-28,4.0,0.0,HOME
Empoli,Sampdoria,2025-10-28,1.0,1.0,DRAW
US Boulogne,Stade de Reims,2025-10-28,2.0,6.0,AWAY
Cesena,Carrarese Calcio,2025-10-28,2.0,1.0,HOME
Reggiana 1919,Modena,2025-10-28,1.0,0.0,HOME
Bologna FC 1909,Torino,2025-10-29,0.0,0.0,DRAW
Genoa CFC,US Cremonese,2025-10-29,0.0,2.0,AWAY
Toulouse,Stade Rennais FC 1901,2025-10-29,2.0,2.0,DRAW
RC Strasbourg Alsace,AJ Auxerre,2025-10-29,3.0,0.0,HOME
Paris,Olympique Lyonnais,2025-10-29,3.0,3.0,DRAW
Nantes,Monaco,2025-10-29,3.0,5.0,AWAY
Internazionale Milano,ACF Fiorentina,2025-10-29,3.0,0.0,HOME
Venezia,Sudtirol,2025-10-29,3.0,0.0,HOME
Olympique de Marseille,Angers SCO,2025-10-29,2.0,2.0,DRAW
Roma,Parma Calcio 1913,2025-10-29,2.0,1.0,HOME
Le Havre,Stade Brestois 29,2025-10-29,1.0,0.0,HOME
OGC Nice,Lille OSC,2025-10-29,2.0,0.0,HOME
Metz,Racing Club de Lens,2025-10-29,2.0,0.0,HOME
Mantova 1911 SSD,US Catanzaro,2025-10-29,1.0,3.0,AWAY
Spezia Calcio,Calcio Padova,2025-10-29,1.0,1.0,DRAW
Juventus,Udinese Calcio,2025-10-29,3.0,1.0,HOME
Como 1907,Hellas Verona,2025-10-29,3.0,1.0,HOME
Lorient,Paris Saint-Germain,2025-10-29,1.0,1.0,DRAW
Cagliari Calcio,US Sassuolo Calcio,2025-10-30,1.0,2.0,AWAY
Pisa 1909,SS Lazio,2025-10-30,0.0,0.0,DRAW
Wrexham AFC,Coventry City,2025-10-31,3.0,2.0,HOME
SC Bastia,Clermont Foot 63,2025-10-31,1.0,0.0,HOME
Racing Santander,Real Sociedad B,2025-10-31,1.0,0.0,HOME
Getafe,Girona,2025-10-31,2.0,1.0,HOME
Augsburg,Dortmund,2025-10-31,0.0,1.0,AWAY
Sporting Clube de Portugal,Alverca,2025-10-31,2.0,0.0,HOME
Le Mans,Nancy Lorraine,2025-10-31,1.0,0.0,HOME
Viktoria Koln,Ingolstadt 04,2025-10-31,3.0,1.0,HOME
SV 07 Elversberg,Hannover 96,2025-10-31,2.0,2.0,DRAW
Preußen Munster,Holstein Kiel,2025-10-31,2.0,1.0,HOME
Basaksehir,ocaelispor,2025-10-31,1.0,0.0,HOME
Montpellier HSC,Rodez AF,2025-10-31,2.0,0.0,HOME
EA Guingamp,Stade Lavallois,2025-10-31,2.0,0.0,HOME
Annecy,US Boulogne,2025-10-31,1.0,1.0,DRAW
1. FC Heidenheim 1846,Frankfurt,2025-11-01,1.0,1.0,DRAW
CD Leganes,Burgos,2025-11-01,1.0,2.0,AWAY
Hansa Rostock,SC Verl,2025-11-01,2.0,2.0,DRAW
CD Nacional,Famalicão,2025-11-01,0.0,1.0,AWAY
Leipzig,Stuttgart,2025-11-01,3.0,1.0,HOME
St. Pauli 1910,Monchengladbach,2025-11-01,0.0,4.0,AWAY
Virtus Entella,Empoli,2025-11-01,1.0,0.0,HOME
Cultural Leonesa,CD Mirandes,2025-11-01,3.0,2.0,HOME
Club Atletico de Madrid,Sevilla,2025-11-01,3.0,0.0,HOME
Paris Saint-Germain,OGC Nice,2025-11-01,1.0,0.0,HOME
Tottenham,Chelsea,2025-11-01,0.0,1.0,AWAY
SSC Napoli,Como 1907,2025-11-01,0.0,0.0,DRAW
1. FC Union Berlin,SC Freiburg,2025-11-01,0.0,0.0,DRAW
US Cremonese,Juventus,2025-11-01,1.0,2.0,AWAY
Bayern Munchen,Leverkusen,2025-11-01,3.0,0.0,HOME
Palermo,Delfino Pescara,2025-11-01,5.0,0.0,HOME
Rio Ave,GD Estoril Praia,2025-11-01,0.0,4.0,AWAY
AJ Auxerre,Olympique de Marseille,2025-11-01,0.0,1.0,AWAY
Real Madrid,Valencia,2025-11-01,4.0,0.0,HOME
Vitoria Guimarães,Sport Lisboa e Benfica,2025-11-01,0.0,3.0,AWAY
UD Almeria,SD Eibar,2025-11-01,3.0,1.0,HOME
Liverpool,Aston Villa,2025-11-01,2.0,0.0,HOME
1. FSV Mainz 05,SV Werder Bremen,2025-11-01,1.0,1.0,DRAW
Galatasaray,Trabzon,2025-11-01,0.0,0.0,DRAW
Red Star,Saint-Étienne,2025-11-01,2.0,1.0,HOME
Monaco,Paris,2025-11-01,0.0,1.0,AWAY
Albacete,SD Huesca,2025-11-01,2.0,1.0,HOME
Real Sociedad de Futbol,Athletic Club,2025-11-01,3.0,2.0,HOME
SV Darmstadt 98,Arminia Bielefeld,2025-11-01,2.0,2.0,DRAW
Goztepe,Genclerbirligi,2025-11-01,1.0,0.0,HOME
Casa Pia,CF Estrela da Amadora,2025-11-01,3.0,5.0,AWAY
Villarreal,Rayo Vallecano de Madrid,2025-11-01,4.0,0.0,HOME
Southampton,Preston North End,2025-11-01,0.0,2.0,AWAY
TSV 1860 Munchen,Energie Cottbus,2025-11-01,3.0,0.0,HOME
TSV Havelse,SV Wehen Wiesbaden,2025-11-01,0.0,2.0,AWAY
VfL Osnabruck,MSV Duisburg,2025-11-01,0.0,0.0,DRAW
Erzgebirge Aue,Jahn Regensburg,2025-11-01,4.0,3.0,HOME
Amiens SC,Grenoble Foot 38,2025-11-01,2.0,3.0,AWAY
Leicester,Blackburn Rovers,2025-11-01,0.0,2.0,AWAY
Hertha BSC,Dynamo Dresden,2025-11-01,2.0,0.0,HOME
Watford,Middlesbrough,2025-11-01,3.0,0.0,HOME
Stade de Reims,USL Dunkerque,2025-11-01,1.0,2.0,AWAY
1. FC Nurnberg,Eintracht Braunschweig,2025-11-01,2.0,1.0,HOME
Karlsruher SC,Schalke,2025-11-01,2.0,1.0,HOME
US Avellino,Reggiana 1919,2025-11-01,4.0,3.0,HOME
West Bromwich Albion,Sheffield Wednesday,2025-11-01,0.0,0.0,DRAW
Norwich City,Hull City AFC,2025-11-01,0.0,2.0,AWAY
SSV Ulm 1846,VfB Stuttgart II,2025-11-01,1.0,3.0,AWAY
Carrarese Calcio,Frosinone Calcio,2025-11-01,0.0,2.0,AWAY
Sheffield United,Derby County,2025-11-01,1.0,3.0,AWAY
Burnley,Arsenal,2025-11-01,0.0,2.0,AWAY
Brighton,Leeds United,2025-11-01,3.0,0.0,HOME
Birmingham City,Portsmouth,2025-11-01,4.0,0.0,HOME
Udinese Calcio,Atalanta BC,2025-11-01,1.0,0.0,HOME
Crystal Palace,Brentford,2025-11-01,2.0,0.0,HOME
Calcio Padova,Sudtirol,2025-11-01,1.0,1.0,DRAW
Fulham,Wolves,2025-11-01,3.0,0.0,HOME
Nottingham Forest,Manchester Utd,2025-11-01,2.0,2.0,DRAW
Charlton Athletic,Swansea City AFC,2025-11-01,1.0,1.0,DRAW
Oxford United,Millwall,2025-11-01,2.0,2.0,DRAW
Stoke City,Bristol City,2025-11-01,5.0,1.0,HOME
Queens Park Rangers,Ipswich Town,2025-11-01,1.0,4.0,AWAY
CD Castellon,Malaga,2025-11-02,2.0,1.0,HOME
VfL Wolfsburg,TSG 1899 Hoffenheim,2025-11-02,2.0,3.0,AWAY
Manchester City,AFC Bournemouth,2025-11-02,3.0,1.0,HOME
Toulouse,Le Havre,2025-11-02,0.0,0.0,DRAW
Porto,Sporting Clube de Braga,2025-11-02,2.0,1.0,HOME
Real Betis Balompie,RCD Mallorca,2025-11-02,3.0,0.0,HOME
Lille OSC,Angers SCO,2025-11-02,1.0,0.0,HOME
Racing Club de Lens,Lorient,2025-11-02,3.0,0.0,HOME
Parma Calcio 1913,Bologna FC 1909,2025-11-02,1.0,3.0,AWAY
Milan,Roma,2025-11-02,1.0,0.0,HOME
Sampdoria,Mantova 1911 SSD,2025-11-02,0.0,1.0,AWAY
Barcelona,Elche,2025-11-02,3.0,1.0,HOME
Alemannia Aachen,1. FC Saarbrucken,2025-11-02,2.0,0.0,HOME
Besiktas,Fenerbahce,2025-11-02,2.0,3.0,AWAY
Real Zaragoza,Deportivo La Coruña,2025-11-02,0.0,2.0,AWAY
Stade Brestois 29,Olympique Lyonnais,2025-11-02,0.0,0.0,DRAW
Deportivo Alaves,RCD Espanyol de Barcelona,2025-11-02,2.0,1.0,HOME
Monza,Spezia Calcio,2025-11-02,1.0,0.0,HOME
Nantes,Metz,2025-11-02,0.0,2.0,AWAY
Arouca,Moreirense,2025-11-02,0.0,2.0,AWAY
Cordoba,AD Ceuta,2025-11-02,2.0,0.0,HOME
Torino,Pisa 1909,2025-11-02,2.0,2.0,DRAW
Konya,Samsun,2025-11-02,1.0,3.0,AWAY
Kayseri,Kasimpasa,2025-11-02,3.0,2.0,HOME
West Ham,Newcastle,2025-11-02,3.0,1.0,HOME
Hellas Verona,Internazionale Milano,2025-11-02,1.0,2.0,AWAY
VfL Bochum,1. FC Magdeburg,2025-11-02,2.0,0.0,HOME
Hoffenheim II,Waldhof Mannheim,2025-11-02,2.0,0.0,HOME
SC Paderborn 07,SpVgg Greuther Furth,2025-11-02,2.0,1.0,HOME
Andorra,Cadiz,2025-11-02,0.0,0.0,DRAW
SSC Bari,Cesena,2025-11-02,1.0,0.0,HOME
Fortuna Dusseldorf,1. FC Kaiserslautern,2025-11-02,1.0,1.0,DRAW
US Catanzaro,Venezia,2025-11-02,2.0,1.0,HOME
Modena,Juve Stabia,2025-11-02,3.0,0.0,HOME
ACF Fiorentina,US Lecce,2025-11-02,0.0,1.0,AWAY
Stade Rennais FC 1901,RC Strasbourg Alsace,2025-11-02,4.0,1.0,HOME
1. FC Koln,Hamburger SV,2025-11-02,4.0,1.0,HOME
Rot-Weiss Essen,1. FC Schweinfurt 05,2025-11-02,2.0,1.0,HOME
AVS,CD Tondela,2025-11-02,2.0,2.0,DRAW
Levante UD,RC Celta de Vigo,2025-11-02,1.0,2.0,AWAY
Sporting Gijon,UD Las Palmas,2025-11-02,0.0,0.0,DRAW
SS Lazio,Cagliari Calcio,2025-11-03,2.0,0.0,HOME
Pau,ESTAC Troyes,2025-11-03,1.0,1.0,DRAW
Sunderland AFC,Everton,2025-11-03,1.0,1.0,DRAW
Real Oviedo,CA Osasuna,2025-11-03,0.0,0.0,DRAW
Gil Vicente,CD Santa Clara,2025-11-03,1.0,0.0,HOME
US Sassuolo Calcio,Genoa CFC,2025-11-03,1.0,2.0,AWAY
Rize,Karagumruk,2025-11-03,1.0,0.0,HOME
Alanya,Gaziantep,2025-11-03,0.0,0.0,DRAW
Real Valladolid,Granada,2025-11-03,2.0,1.0,HOME
Eyup,Antalya,2025-11-03,0.0,1.0,AWAY
Ipswich Town,Watford,2025-11-04,1.0,1.0,DRAW
Coventry City,Sheffield United,2025-11-04,3.0,1.0,HOME
Oxford United,Stoke City,2025-11-04,0.0,3.0,AWAY
Leicester,Middlesbrough,2025-11-04,1.0,1.0,DRAW
Birmingham City,Millwall,2025-11-04,4.0,0.0,HOME
Derby County,Hull City AFC,2025-11-04,2.0,1.0,HOME
Bristol City,Blackburn Rovers,2025-11-04,0.0,1.0,AWAY
Charlton Athletic,West Bromwich Albion,2025-11-04,1.0,0.0,HOME
Preston North End,Swansea City AFC,2025-11-05,2.0,1.0,HOME
Queens Park Rangers,Southampton,2025-11-05,1.0,2.0,AWAY
Sheffield Wednesday,Norwich City,2025-11-05,1.0,1.0,DRAW
Portsmouth,Wrexham AFC,2025-11-05,0.0,0.0,DRAW
Watford,Bristol City,2025-11-07,1.0,1.0,DRAW
Elche,Real Sociedad de Futbol,2025-11-07,1.0,1.0,DRAW
SV Werder Bremen,VfL Wolfsburg,2025-11-07,2.0,1.0,HOME
Paris,Stade Rennais FC 1901,2025-11-07,0.0,1.0,AWAY
GD Estoril Praia,Arouca,2025-11-07,4.0,3.0,HOME
Pisa 1909,US Cremonese,2025-11-07,1.0,0.0,HOME
Sevilla,CA Osasuna,2025-11-08,1.0,0.0,HOME
1. FC Union Berlin,Bayern Munchen,2025-11-08,2.0,2.0,DRAW
Hamburger SV,Dortmund,2025-11-08,1.0,1.0,DRAW
Sunderland AFC,Arsenal,2025-11-08,2.0,2.0,DRAW
Juventus,Torino,2025-11-08,0.0,0.0,DRAW
CD Tondela,Vitoria Guimarães,2025-11-08,0.0,1.0,AWAY
TSG 1899 Hoffenheim,Leipzig,2025-11-08,3.0,1.0,HOME
Le Havre,Nantes,2025-11-08,1.0,1.0,DRAW
Chelsea,Wolves,2025-11-08,3.0,0.0,HOME
CD Santa Clara,Sporting Clube de Portugal,2025-11-08,1.0,2.0,AWAY
Parma Calcio 1913,Milan,2025-11-08,2.0,2.0,DRAW
RCD Espanyol de Barcelona,Villarreal,2025-11-08,0.0,2.0,AWAY
Monaco,Racing Club de Lens,2025-11-08,1.0,4.0,AWAY
Monchengladbach,1. FC Koln,2025-11-08,3.0,1.0,HOME
Alverca,Rio Ave,2025-11-08,1.0,1.0,DRAW
Leverkusen,1. FC Heidenheim 1846,2025-11-08,6.0,0.0,HOME
Club Atletico de Madrid,Levante UD,2025-11-08,3.0,1.0,HOME
Olympique de Marseille,Stade Brestois 29,2025-11-08,3.0,0.0,HOME
Como 1907,Cagliari Calcio,2025-11-08,0.0,0.0,DRAW
Everton,Fulham,2025-11-08,2.0,0.0,HOME
Wrexham AFC,Charlton Athletic,2025-11-08,1.0,0.0,HOME
Millwall,Preston North End,2025-11-08,1.0,1.0,DRAW
Tottenham,Manchester Utd,2025-11-08,2.0,2.0,DRAW
US Lecce,Hellas Verona,2025-11-08,0.0,0.0,DRAW
Middlesbrough,Birmingham City,2025-11-08,2.0,1.0,HOME
Hull City AFC,Portsmouth,2025-11-08,3.0,2.0,HOME
Girona,Deportivo Alaves,2025-11-08,1.0,0.0,HOME
Swansea City AFC,Ipswich Town,2025-11-08,1.0,4.0,AWAY
West Ham,Burnley,2025-11-08,3.0,2.0,HOME
Norwich City,Leicester,2025-11-08,1.0,2.0,AWAY
Sheffield United,Queens Park Rangers,2025-11-08,0.0,0.0,DRAW
Southampton,Sheffield Wednesday,2025-11-08,3.0,1.0,HOME
Stoke City,Coventry City,2025-11-08,0.0,1.0,AWAY
West Bromwich Albion,Oxford United,2025-11-08,2.0,1.0,HOME
Blackburn Rovers,Derby County,2025-11-08,1.0,2.0,AWAY
Metz,OGC Nice,2025-11-09,2.0,1.0,HOME
Internazionale Milano,SS Lazio,2025-11-09,2.0,0.0,HOME
Sport Lisboa e Benfica,Casa Pia,2025-11-09,2.0,2.0,DRAW
Frankfurt,1. FSV Mainz 05,2025-11-09,1.0,0.0,HOME
RCD Mallorca,Getafe,2025-11-09,1.0,0.0,HOME
Angers SCO,AJ Auxerre,2025-11-09,2.0,0.0,HOME
Roma,Udinese Calcio,2025-11-09,2.0,0.0,HOME
Stuttgart,Augsburg,2025-11-09,3.0,2.0,HOME
RC Strasbourg Alsace,Lille OSC,2025-11-09,2.0,0.0,HOME
Rayo Vallecano de Madrid,Real Madrid,2025-11-09,0.0,0.0,DRAW
Valencia,Real Betis Balompie,2025-11-09,1.0,1.0,DRAW
Famalicão,Porto,2025-11-09,0.0,1.0,AWAY
Sporting Clube de Braga,Moreirense,2025-11-09,2.0,1.0,HOME
Manchester City,Liverpool,2025-11-09,3.0,0.0,HOME
Nottingham Forest,Leeds United,2025-11-09,3.0,1.0,HOME
CF Estrela da Amadora,CD Nacional,2025-11-09,1.0,1.0,DRAW
Atalanta BC,US Sassuolo Calcio,2025-11-09,0.0,3.0,AWAY
Aston Villa,AFC Bournemouth,2025-11-09,4.0,0.0,HOME
Athletic Club,Real Oviedo,2025-11-09,1.0,0.0,HOME
Brentford,Newcastle,2025-11-09,3.0,1.0,HOME
Crystal Palace,Brighton,2025-11-09,0.0,0.0,DRAW
Genoa CFC,ACF Fiorentina,2025-11-09,2.0,2.0,DRAW
Lorient,Toulouse,2025-11-09,1.0,1.0,DRAW
Bologna FC 1909,SSC Napoli,2025-11-09,2.0,0.0,HOME
SC Freiburg,St. Pauli 1910,2025-11-09,2.0,1.0,HOME
AVS,Gil Vicente,2025-11-09,1.0,1.0,DRAW
Olympique Lyonnais,Paris Saint-Germain,2025-11-09,2.0,3.0,AWAY
RC Celta de Vigo,Barcelona,2025-11-09,2.0,4.0,AWAY
